test_id,PM2.5,PM10,O3
dongsi_aq#0,31.4,90.1,24.3
dongsi_aq#1,31.6,86.2,44.6
dongsi_aq#2,31.6,86.9,60.2
dongsi_aq#3,81.4,164.2,83.3
dongsi_aq#4,70.2,175.6,87.6
dongsi_aq#5,57.7,191.3,100.2
dongsi_aq#6,44.2,170.4,101.1
dongsi_aq#7,41.3,174.1,98.0
dongsi_aq#8,42.0,193.2,104.2
dongsi_aq#9,11.1,69.3,95.6
dongsi_aq#10,11.7,67.0,100.3
dongsi_aq#11,8.7,90.0,86.1
dongsi_aq#12,6.7,53.2,83.9
dongsi_aq#13,17.1,49.5,63.8
dongsi_aq#14,17.1,58.1,60.8
dongsi_aq#15,11.4,68.4,76.7
dongsi_aq#16,10.2,76.8,60.7
dongsi_aq#17,10.0,44.4,38.8
dongsi_aq#18,15.1,96.8,23.0
dongsi_aq#19,51.2,171.5,15.1
dongsi_aq#20,54.7,164.1,22.4
dongsi_aq#21,70.7,167.3,14.3
dongsi_aq#22,60.9,169.9,12.4
dongsi_aq#23,67.5,177.8,11.8
dongsi_aq#24,61.0,182.7,31.5
dongsi_aq#25,68.8,194.6,59.6
dongsi_aq#26,72.2,184.3,105.5
dongsi_aq#27,92.3,198.6,112.5
dongsi_aq#28,67.1,186.4,98.3
dongsi_aq#29,67.9,190.4,110.8
dongsi_aq#30,65.4,320.7,112.7
dongsi_aq#31,66.1,224.8,113.5
dongsi_aq#32,65.2,224.8,112.9
dongsi_aq#33,60.6,263.2,109.3
dongsi_aq#34,83.1,283.7,123.4
dongsi_aq#35,83.2,283.7,109.9
dongsi_aq#36,77.2,283.0,99.2
dongsi_aq#37,75.6,245.8,91.7
dongsi_aq#38,64.2,256.5,91.7
dongsi_aq#39,71.2,261.6,72.3
dongsi_aq#40,71.2,261.6,65.7
dongsi_aq#41,71.9,238.5,55.8
dongsi_aq#42,65.3,221.4,54.1
dongsi_aq#43,99.5,178.1,10.7
dongsi_aq#44,87.1,166.9,16.2
dongsi_aq#45,92.9,157.6,27.8
dongsi_aq#46,95.4,183.3,37.3
dongsi_aq#47,72.4,196.6,38.9
tiantan_aq#0,31.4,86.2,16.0
tiantan_aq#1,31.4,92.4,29.9
tiantan_aq#2,51.4,92.4,61.7
tiantan_aq#3,73.4,163.3,83.3
tiantan_aq#4,76.2,163.5,84.9
tiantan_aq#5,64.1,183.8,97.3
tiantan_aq#6,44.2,168.8,100.5
tiantan_aq#7,41.6,172.5,97.4
tiantan_aq#8,40.7,217.5,100.9
tiantan_aq#9,9.6,64.8,103.0
tiantan_aq#10,12.0,59.4,91.6
tiantan_aq#11,10.8,60.0,86.6
tiantan_aq#12,7.5,88.2,74.3
tiantan_aq#13,13.5,47.2,52.8
tiantan_aq#14,12.2,40.9,58.7
tiantan_aq#15,6.9,42.5,71.7
tiantan_aq#16,10.3,50.3,55.0
tiantan_aq#17,14.0,41.1,28.8
tiantan_aq#18,16.0,58.5,24.3
tiantan_aq#19,52.2,174.1,13.3
tiantan_aq#20,54.8,155.7,8.9
tiantan_aq#21,69.9,175.4,7.4
tiantan_aq#22,64.9,196.6,9.7
tiantan_aq#23,64.1,185.3,22.3
tiantan_aq#24,58.2,189.7,39.4
tiantan_aq#25,58.2,184.9,55.5
tiantan_aq#26,60.2,185.8,88.5
tiantan_aq#27,72.5,186.6,111.1
tiantan_aq#28,66.0,196.1,97.8
tiantan_aq#29,61.4,180.9,109.6
tiantan_aq#30,54.3,326.5,108.9
tiantan_aq#31,57.7,211.9,109.9
tiantan_aq#32,57.7,224.8,115.8
tiantan_aq#33,59.4,224.4,112.4
tiantan_aq#34,84.8,243.5,122.2
tiantan_aq#35,92.9,277.7,109.3
tiantan_aq#36,75.5,277.7,97.8
tiantan_aq#37,73.3,240.8,89.1
tiantan_aq#38,55.3,271.0,89.1
tiantan_aq#39,69.6,276.1,61.1
tiantan_aq#40,69.6,263.9,56.8
tiantan_aq#41,73.6,241.9,55.1
tiantan_aq#42,75.0,219.4,68.8
tiantan_aq#43,89.7,164.5,9.2
tiantan_aq#44,86.2,158.8,34.6
tiantan_aq#45,87.3,182.0,29.8
tiantan_aq#46,88.1,204.1,38.7
tiantan_aq#47,101.6,204.1,34.2
guanyuan_aq#0,31.4,99.0,16.5
guanyuan_aq#1,31.6,97.2,34.6
guanyuan_aq#2,31.6,97.9,61.2
guanyuan_aq#3,75.2,174.2,83.9
guanyuan_aq#4,60.6,169.9,95.1
guanyuan_aq#5,50.8,175.5,103.9
guanyuan_aq#6,43.6,160.8,103.1
guanyuan_aq#7,41.3,174.4,100.1
guanyuan_aq#8,42.2,212.6,106.2
guanyuan_aq#9,14.3,65.0,110.9
guanyuan_aq#10,9.4,58.0,102.3
guanyuan_aq#11,8.4,61.9,89.1
guanyuan_aq#12,6.9,88.3,70.6
guanyuan_aq#13,12.9,43.8,63.4
guanyuan_aq#14,12.4,44.7,72.1
guanyuan_aq#15,6.8,56.5,70.4
guanyuan_aq#16,8.5,74.3,51.5
guanyuan_aq#17,13.4,46.6,29.1
guanyuan_aq#18,14.8,90.6,24.3
guanyuan_aq#19,52.2,177.2,7.5
guanyuan_aq#20,55.4,163.0,9.8
guanyuan_aq#21,58.9,178.3,11.5
guanyuan_aq#22,65.6,200.4,10.2
guanyuan_aq#23,68.3,185.3,22.0
guanyuan_aq#24,70.6,187.0,34.7
guanyuan_aq#25,66.3,207.6,54.9
guanyuan_aq#26,71.0,201.6,96.2
guanyuan_aq#27,76.2,202.2,106.4
guanyuan_aq#28,70.4,197.9,97.9
guanyuan_aq#29,64.4,184.2,110.7
guanyuan_aq#30,58.8,328.5,110.7
guanyuan_aq#31,58.8,214.7,116.8
guanyuan_aq#32,61.6,224.8,114.5
guanyuan_aq#33,64.2,242.9,115.1
guanyuan_aq#34,89.9,242.9,125.2
guanyuan_aq#35,90.2,242.9,111.7
guanyuan_aq#36,84.2,286.4,99.2
guanyuan_aq#37,76.5,239.8,90.8
guanyuan_aq#38,61.4,270.5,90.8
guanyuan_aq#39,66.6,275.6,80.7
guanyuan_aq#40,73.0,267.3,59.5
guanyuan_aq#41,66.9,222.6,70.9
guanyuan_aq#42,75.5,215.6,44.2
guanyuan_aq#43,101.8,175.4,2.7
guanyuan_aq#44,90.8,225.4,2.7
guanyuan_aq#45,98.3,227.9,31.2
guanyuan_aq#46,98.8,230.4,31.6
guanyuan_aq#47,87.5,238.7,15.6
wanshouxigong_aq#0,31.4,82.4,16.2
wanshouxigong_aq#1,31.6,80.2,32.9
wanshouxigong_aq#2,54.4,79.1,64.3
wanshouxigong_aq#3,88.8,169.2,83.3
wanshouxigong_aq#4,76.1,171.7,87.9
wanshouxigong_aq#5,52.3,188.4,101.7
wanshouxigong_aq#6,43.6,168.0,101.1
wanshouxigong_aq#7,40.7,174.4,96.7
wanshouxigong_aq#8,42.0,212.6,100.2
wanshouxigong_aq#9,10.9,65.0,103.4
wanshouxigong_aq#10,11.0,58.0,95.1
wanshouxigong_aq#11,10.4,64.4,90.2
wanshouxigong_aq#12,7.0,54.0,70.4
wanshouxigong_aq#13,12.4,80.6,60.6
wanshouxigong_aq#14,11.7,43.3,75.3
wanshouxigong_aq#15,7.2,43.6,71.7
wanshouxigong_aq#16,8.8,47.9,58.7
wanshouxigong_aq#17,13.4,67.6,34.7
wanshouxigong_aq#18,14.8,60.9,24.1
wanshouxigong_aq#19,52.6,178.4,8.5
wanshouxigong_aq#20,54.7,151.6,17.2
wanshouxigong_aq#21,69.9,168.3,10.2
wanshouxigong_aq#22,64.9,200.4,11.6
wanshouxigong_aq#23,64.1,185.3,19.3
wanshouxigong_aq#24,65.9,193.0,39.6
wanshouxigong_aq#25,65.9,207.9,52.5
wanshouxigong_aq#26,70.2,207.9,111.8
wanshouxigong_aq#27,81.5,210.8,111.3
wanshouxigong_aq#28,84.5,203.4,97.8
wanshouxigong_aq#29,76.9,192.4,109.3
wanshouxigong_aq#30,61.2,328.5,108.6
wanshouxigong_aq#31,61.6,216.1,113.5
wanshouxigong_aq#32,61.6,229.0,117.0
wanshouxigong_aq#33,64.2,249.1,114.1
wanshouxigong_aq#34,97.1,249.1,125.7
wanshouxigong_aq#35,84.6,257.0,111.8
wanshouxigong_aq#36,83.9,286.4,99.0
wanshouxigong_aq#37,68.7,240.7,89.3
wanshouxigong_aq#38,61.6,260.2,89.3
wanshouxigong_aq#39,68.7,259.6,67.1
wanshouxigong_aq#40,73.6,257.4,65.1
wanshouxigong_aq#41,75.3,228.0,62.0
wanshouxigong_aq#42,75.0,214.1,65.1
wanshouxigong_aq#43,93.7,180.0,5.6
wanshouxigong_aq#44,84.5,220.8,32.7
wanshouxigong_aq#45,93.0,227.2,30.2
wanshouxigong_aq#46,98.8,237.8,32.3
wanshouxigong_aq#47,73.4,238.8,16.9
aotizhongxin_aq#0,31.4,106.0,13.1
aotizhongxin_aq#1,31.5,101.6,42.7
aotizhongxin_aq#2,31.4,102.3,59.9
aotizhongxin_aq#3,64.1,133.4,80.7
aotizhongxin_aq#4,72.8,180.4,87.7
aotizhongxin_aq#5,52.7,179.2,101.5
aotizhongxin_aq#6,44.2,161.7,100.9
aotizhongxin_aq#7,41.3,203.0,96.6
aotizhongxin_aq#8,42.0,219.8,99.8
aotizhongxin_aq#9,42.0,139.5,102.6
aotizhongxin_aq#10,47.1,115.8,104.7
aotizhongxin_aq#11,7.0,65.4,97.5
aotizhongxin_aq#12,6.6,63.1,91.9
aotizhongxin_aq#13,7.1,63.1,84.3
aotizhongxin_aq#14,7.6,63.8,72.9
aotizhongxin_aq#15,9.3,46.5,60.4
aotizhongxin_aq#16,10.0,44.8,50.6
aotizhongxin_aq#17,13.6,49.2,42.4
aotizhongxin_aq#18,15.9,42.0,21.9
aotizhongxin_aq#19,58.6,193.8,6.7
aotizhongxin_aq#20,59.8,178.7,7.1
aotizhongxin_aq#21,55.5,161.0,8.2
aotizhongxin_aq#22,77.3,216.5,11.8
aotizhongxin_aq#23,65.4,210.8,18.0
aotizhongxin_aq#24,69.6,166.4,37.5
aotizhongxin_aq#25,65.5,192.7,43.1
aotizhongxin_aq#26,63.8,203.8,105.8
aotizhongxin_aq#27,87.2,217.2,93.1
aotizhongxin_aq#28,90.1,206.7,93.2
aotizhongxin_aq#29,96.2,196.8,104.7
aotizhongxin_aq#30,64.9,337.8,101.3
aotizhongxin_aq#31,64.2,250.4,104.4
aotizhongxin_aq#32,59.8,259.1,106.9
aotizhongxin_aq#33,58.7,247.2,111.2
aotizhongxin_aq#34,84.3,282.8,110.9
aotizhongxin_aq#35,75.0,282.8,107.5
aotizhongxin_aq#36,72.6,282.8,97.8
aotizhongxin_aq#37,74.0,240.9,90.8
aotizhongxin_aq#38,61.9,284.7,90.8
aotizhongxin_aq#39,67.2,289.8,81.3
aotizhongxin_aq#40,66.9,284.7,59.4
aotizhongxin_aq#41,72.1,255.2,32.4
aotizhongxin_aq#42,59.6,217.0,46.1
aotizhongxin_aq#43,88.5,179.4,3.4
aotizhongxin_aq#44,96.9,175.3,3.4
aotizhongxin_aq#45,97.1,175.5,28.8
aotizhongxin_aq#46,98.3,184.6,28.4
aotizhongxin_aq#47,84.7,197.2,29.4
nongzhanguan_aq#0,34.0,79.3,19.5
nongzhanguan_aq#1,34.0,88.7,32.8
nongzhanguan_aq#2,34.0,81.6,60.4
nongzhanguan_aq#3,77.7,135.0,83.3
nongzhanguan_aq#4,73.8,182.1,87.6
nongzhanguan_aq#5,66.3,188.9,99.3
nongzhanguan_aq#6,46.4,161.3,100.2
nongzhanguan_aq#7,41.3,209.6,97.2
nongzhanguan_aq#8,42.0,186.4,103.9
nongzhanguan_aq#9,10.3,69.2,94.9
nongzhanguan_aq#10,10.9,57.3,97.3
nongzhanguan_aq#11,9.5,88.6,86.3
nongzhanguan_aq#12,7.0,52.2,83.1
nongzhanguan_aq#13,13.4,48.0,65.9
nongzhanguan_aq#14,13.4,71.3,63.7
nongzhanguan_aq#15,10.3,57.0,76.0
nongzhanguan_aq#16,10.2,76.1,57.8
nongzhanguan_aq#17,10.2,46.0,42.9
nongzhanguan_aq#18,14.6,96.5,25.9
nongzhanguan_aq#19,52.0,178.6,6.9
nongzhanguan_aq#20,53.1,164.6,13.3
nongzhanguan_aq#21,68.5,153.4,4.8
nongzhanguan_aq#22,64.0,153.4,4.8
nongzhanguan_aq#23,71.3,177.4,7.1
nongzhanguan_aq#24,51.3,185.2,31.3
nongzhanguan_aq#25,60.1,187.6,44.6
nongzhanguan_aq#26,63.5,184.9,101.6
nongzhanguan_aq#27,83.6,183.9,111.9
nongzhanguan_aq#28,55.9,196.7,95.3
nongzhanguan_aq#29,66.1,186.4,109.7
nongzhanguan_aq#30,58.8,328.5,109.0
nongzhanguan_aq#31,61.6,224.8,113.5
nongzhanguan_aq#32,60.7,224.8,112.9
nongzhanguan_aq#33,58.7,265.9,109.3
nongzhanguan_aq#34,81.6,286.4,123.4
nongzhanguan_aq#35,78.3,285.7,109.9
nongzhanguan_aq#36,76.1,271.1,92.2
nongzhanguan_aq#37,68.1,260.0,90.8
nongzhanguan_aq#38,62.3,280.1,90.8
nongzhanguan_aq#39,68.2,277.9,68.9
nongzhanguan_aq#40,68.0,283.5,65.8
nongzhanguan_aq#41,68.7,258.4,52.3
nongzhanguan_aq#42,62.1,225.1,65.0
nongzhanguan_aq#43,99.5,186.6,4.2
nongzhanguan_aq#44,87.1,176.4,22.4
nongzhanguan_aq#45,87.0,170.1,29.6
nongzhanguan_aq#46,93.6,194.4,34.9
nongzhanguan_aq#47,70.6,207.7,35.9
wanliu_aq#0,31.1,111.5,13.1
wanliu_aq#1,31.4,115.3,30.2
wanliu_aq#2,31.4,116.0,69.1
wanliu_aq#3,74.2,134.1,85.8
wanliu_aq#4,61.0,166.4,94.5
wanliu_aq#5,43.4,177.6,103.0
wanliu_aq#6,42.6,161.7,100.5
wanliu_aq#7,40.1,189.0,102.6
wanliu_aq#8,44.0,212.7,105.0
wanliu_aq#9,11.6,76.6,110.0
wanliu_aq#10,7.5,69.7,101.3
wanliu_aq#11,7.6,94.2,88.6
wanliu_aq#12,6.1,62.1,69.8
wanliu_aq#13,11.4,43.8,52.2
wanliu_aq#14,11.8,54.4,58.9
wanliu_aq#15,6.4,78.1,57.1
wanliu_aq#16,9.3,70.6,47.4
wanliu_aq#17,15.7,67.6,29.0
wanliu_aq#18,15.1,63.9,24.3
wanliu_aq#19,55.5,177.4,11.2
wanliu_aq#20,53.9,179.0,9.8
wanliu_aq#21,52.2,166.2,7.5
wanliu_aq#22,72.9,215.5,13.2
wanliu_aq#23,64.0,185.3,16.3
wanliu_aq#24,67.4,181.3,34.7
wanliu_aq#25,61.9,196.3,36.2
wanliu_aq#26,61.9,197.7,95.3
wanliu_aq#27,69.4,197.6,97.9
wanliu_aq#28,60.0,202.4,98.8
wanliu_aq#29,53.5,185.2,109.1
wanliu_aq#30,59.5,328.9,109.4
wanliu_aq#31,58.8,214.7,113.9
wanliu_aq#32,61.6,249.9,113.5
wanliu_aq#33,64.2,242.9,115.7
wanliu_aq#34,80.7,242.9,114.1
wanliu_aq#35,80.2,243.0,108.8
wanliu_aq#36,76.7,250.3,100.0
wanliu_aq#37,79.9,261.5,88.7
wanliu_aq#38,81.0,260.1,81.9
wanliu_aq#39,69.0,259.4,68.2
wanliu_aq#40,61.6,266.7,47.7
wanliu_aq#41,60.6,219.8,52.6
wanliu_aq#42,63.9,211.5,55.8
wanliu_aq#43,80.2,180.4,8.2
wanliu_aq#44,96.3,226.5,3.7
wanliu_aq#45,82.3,232.5,22.5
wanliu_aq#46,68.5,231.4,21.1
wanliu_aq#47,81.2,227.3,17.5
beibuxinqu_aq#0,31.1,116.6,10.3
beibuxinqu_aq#1,31.1,117.1,27.0
beibuxinqu_aq#2,73.7,176.8,61.8
beibuxinqu_aq#3,91.3,236.1,86.3
beibuxinqu_aq#4,61.6,236.1,92.1
beibuxinqu_aq#5,42.6,229.8,100.7
beibuxinqu_aq#6,38.2,193.6,99.7
beibuxinqu_aq#7,36.1,214.2,97.4
beibuxinqu_aq#8,37.5,224.1,103.2
beibuxinqu_aq#9,11.8,79.2,108.6
beibuxinqu_aq#10,8.1,74.6,98.9
beibuxinqu_aq#11,8.1,94.0,88.0
beibuxinqu_aq#12,11.0,70.8,74.8
beibuxinqu_aq#13,11.2,73.0,67.5
beibuxinqu_aq#14,13.0,95.5,70.6
beibuxinqu_aq#15,6.4,69.2,69.2
beibuxinqu_aq#16,8.2,73.0,41.7
beibuxinqu_aq#17,12.7,67.2,38.5
beibuxinqu_aq#18,15.7,58.2,29.5
beibuxinqu_aq#19,50.5,233.2,16.6
beibuxinqu_aq#20,47.9,199.9,17.6
beibuxinqu_aq#21,58.6,177.7,4.6
beibuxinqu_aq#22,68.4,198.3,25.2
beibuxinqu_aq#23,83.2,221.3,21.6
beibuxinqu_aq#24,75.0,244.5,37.1
beibuxinqu_aq#25,68.6,250.5,33.7
beibuxinqu_aq#26,64.0,248.4,92.6
beibuxinqu_aq#27,76.0,262.0,95.1
beibuxinqu_aq#28,78.1,257.4,94.2
beibuxinqu_aq#29,68.7,251.5,111.3
beibuxinqu_aq#30,45.6,344.9,107.6
beibuxinqu_aq#31,48.1,235.7,110.1
beibuxinqu_aq#32,42.8,275.0,106.9
beibuxinqu_aq#33,45.3,268.1,110.8
beibuxinqu_aq#34,47.9,276.8,111.1
beibuxinqu_aq#35,60.6,276.8,100.7
beibuxinqu_aq#36,60.0,309.5,84.9
beibuxinqu_aq#37,63.5,293.4,91.3
beibuxinqu_aq#38,63.5,311.2,93.2
beibuxinqu_aq#39,67.8,302.8,65.2
beibuxinqu_aq#40,65.4,281.2,52.6
beibuxinqu_aq#41,55.5,210.8,49.5
beibuxinqu_aq#42,54.8,205.4,56.8
beibuxinqu_aq#43,50.7,195.7,5.1
beibuxinqu_aq#44,67.6,215.2,5.1
beibuxinqu_aq#45,59.1,229.5,6.1
beibuxinqu_aq#46,63.7,228.3,12.0
beibuxinqu_aq#47,62.6,227.0,10.4
zhiwuyuan_aq#0,22.4,75.2,13.9
zhiwuyuan_aq#1,33.2,109.7,39.9
zhiwuyuan_aq#2,31.1,112.2,83.7
zhiwuyuan_aq#3,31.2,117.8,81.8
zhiwuyuan_aq#4,41.4,117.8,95.8
zhiwuyuan_aq#5,53.0,118.7,101.4
zhiwuyuan_aq#6,19.6,115.9,100.0
zhiwuyuan_aq#7,16.8,65.7,100.3
zhiwuyuan_aq#8,12.5,81.2,104.5
zhiwuyuan_aq#9,9.2,73.8,108.2
zhiwuyuan_aq#10,7.9,67.5,103.8
zhiwuyuan_aq#11,8.1,93.3,90.3
zhiwuyuan_aq#12,13.0,98.5,74.5
zhiwuyuan_aq#13,11.3,72.8,65.0
zhiwuyuan_aq#14,11.5,71.5,73.8
zhiwuyuan_aq#15,6.6,73.9,72.5
zhiwuyuan_aq#16,8.8,67.1,47.9
zhiwuyuan_aq#17,10.6,74.0,31.0
zhiwuyuan_aq#18,14.8,52.4,22.4
zhiwuyuan_aq#19,52.6,176.6,7.1
zhiwuyuan_aq#20,55.4,179.0,3.3
zhiwuyuan_aq#21,52.2,167.4,6.7
zhiwuyuan_aq#22,72.9,210.3,10.2
zhiwuyuan_aq#23,64.7,185.3,22.3
zhiwuyuan_aq#24,71.2,180.1,34.1
zhiwuyuan_aq#25,64.3,191.1,46.0
zhiwuyuan_aq#26,56.8,188.1,92.6
zhiwuyuan_aq#27,79.7,199.6,95.4
zhiwuyuan_aq#28,59.3,203.7,100.7
zhiwuyuan_aq#29,64.3,186.4,108.0
zhiwuyuan_aq#30,58.8,328.5,109.4
zhiwuyuan_aq#31,58.8,224.8,112.9
zhiwuyuan_aq#32,58.8,249.9,113.5
zhiwuyuan_aq#33,64.2,242.9,112.1
zhiwuyuan_aq#34,60.9,242.9,114.4
zhiwuyuan_aq#35,79.8,250.5,98.7
zhiwuyuan_aq#36,77.6,286.8,93.4
zhiwuyuan_aq#37,80.9,264.6,88.8
zhiwuyuan_aq#38,73.5,269.1,90.7
zhiwuyuan_aq#39,67.8,268.2,69.7
zhiwuyuan_aq#40,67.6,267.2,49.6
zhiwuyuan_aq#41,62.5,221.5,52.6
zhiwuyuan_aq#42,60.7,225.7,36.7
zhiwuyuan_aq#43,81.9,187.5,5.7
zhiwuyuan_aq#44,83.7,184.6,5.2
zhiwuyuan_aq#45,81.5,225.4,3.6
zhiwuyuan_aq#46,67.2,222.4,27.1
zhiwuyuan_aq#47,66.4,219.2,19.5
fengtaihuayuan_aq#0,32.1,96.4,17.7
fengtaihuayuan_aq#1,32.3,86.2,37.5
fengtaihuayuan_aq#2,87.1,127.7,65.4
fengtaihuayuan_aq#3,94.7,166.8,81.8
fengtaihuayuan_aq#4,71.8,164.9,93.2
fengtaihuayuan_aq#5,51.3,160.1,101.6
fengtaihuayuan_aq#6,43.6,168.7,99.4
fengtaihuayuan_aq#7,41.1,189.4,97.2
fengtaihuayuan_aq#8,42.8,214.2,103.7
fengtaihuayuan_aq#9,15.8,69.1,105.4
fengtaihuayuan_aq#10,11.8,70.7,96.4
fengtaihuayuan_aq#11,11.2,72.1,93.0
fengtaihuayuan_aq#12,13.5,71.0,75.0
fengtaihuayuan_aq#13,13.4,79.1,63.9
fengtaihuayuan_aq#14,14.1,78.4,70.8
fengtaihuayuan_aq#15,9.3,89.6,67.9
fengtaihuayuan_aq#16,11.5,71.9,48.5
fengtaihuayuan_aq#17,12.0,70.7,33.1
fengtaihuayuan_aq#18,19.7,105.1,24.3
fengtaihuayuan_aq#19,55.2,193.1,6.8
fengtaihuayuan_aq#20,56.0,186.7,4.3
fengtaihuayuan_aq#21,70.6,180.0,3.5
fengtaihuayuan_aq#22,65.6,199.0,10.0
fengtaihuayuan_aq#23,64.8,200.6,19.8
fengtaihuayuan_aq#24,74.3,183.5,37.1
fengtaihuayuan_aq#25,74.1,203.7,64.6
fengtaihuayuan_aq#26,78.0,193.4,114.1
fengtaihuayuan_aq#27,84.6,199.1,111.9
fengtaihuayuan_aq#28,88.9,188.8,97.8
fengtaihuayuan_aq#29,75.8,181.1,109.4
fengtaihuayuan_aq#30,59.8,366.5,110.1
fengtaihuayuan_aq#31,60.6,257.2,113.5
fengtaihuayuan_aq#32,60.6,288.7,117.0
fengtaihuayuan_aq#33,63.2,281.6,114.9
fengtaihuayuan_aq#34,92.6,281.6,125.9
fengtaihuayuan_aq#35,87.3,281.6,112.0
fengtaihuayuan_aq#36,80.5,288.0,103.7
fengtaihuayuan_aq#37,75.1,258.8,93.7
fengtaihuayuan_aq#38,67.2,255.1,93.7
fengtaihuayuan_aq#39,73.3,260.9,72.2
fengtaihuayuan_aq#40,73.3,261.5,64.8
fengtaihuayuan_aq#41,75.9,259.9,54.3
fengtaihuayuan_aq#42,83.4,272.1,42.9
fengtaihuayuan_aq#43,93.7,235.8,3.4
fengtaihuayuan_aq#44,84.5,258.6,22.4
fengtaihuayuan_aq#45,88.0,280.8,31.4
fengtaihuayuan_aq#46,98.8,286.4,33.3
fengtaihuayuan_aq#47,73.4,286.4,18.3
yungang_aq#0,25.4,83.2,44.6
yungang_aq#1,25.4,67.3,59.2
yungang_aq#2,25.4,77.7,74.4
yungang_aq#3,43.9,94.1,86.7
yungang_aq#4,55.6,164.7,92.1
yungang_aq#5,43.7,166.9,104.0
yungang_aq#6,30.8,164.6,103.6
yungang_aq#7,16.3,61.1,105.1
yungang_aq#8,16.0,62.2,107.3
yungang_aq#9,9.2,62.1,109.8
yungang_aq#10,8.9,66.2,115.3
yungang_aq#11,8.2,63.8,103.0
yungang_aq#12,12.7,67.2,84.9
yungang_aq#13,12.5,70.3,70.4
yungang_aq#14,12.5,66.6,86.0
yungang_aq#15,7.7,70.9,68.7
yungang_aq#16,9.2,102.1,59.5
yungang_aq#17,35.9,216.7,43.9
yungang_aq#18,39.1,201.8,38.0
yungang_aq#19,44.6,176.1,26.3
yungang_aq#20,42.8,166.8,45.4
yungang_aq#21,68.5,168.9,53.9
yungang_aq#22,58.8,186.6,57.7
yungang_aq#23,56.5,185.9,47.4
yungang_aq#24,52.6,178.4,56.8
yungang_aq#25,52.6,194.6,79.6
yungang_aq#26,52.9,198.3,116.1
yungang_aq#27,76.1,183.3,119.2
yungang_aq#28,74.2,185.7,100.4
yungang_aq#29,66.6,189.0,110.7
yungang_aq#30,53.0,328.5,110.6
yungang_aq#31,55.8,249.9,114.7
yungang_aq#32,55.8,249.9,119.0
yungang_aq#33,58.4,242.9,116.1
yungang_aq#34,79.0,242.9,126.2
yungang_aq#35,89.7,250.8,114.1
yungang_aq#36,68.1,286.4,103.4
yungang_aq#37,68.7,250.1,93.7
yungang_aq#38,60.5,286.9,91.8
yungang_aq#39,62.0,259.1,72.2
yungang_aq#40,62.5,263.5,52.2
yungang_aq#41,60.2,219.8,51.0
yungang_aq#42,81.7,216.7,32.9
yungang_aq#43,93.7,180.6,24.8
yungang_aq#44,95.5,203.8,24.1
yungang_aq#45,98.3,211.8,28.9
yungang_aq#46,97.3,224.2,25.2
yungang_aq#47,79.2,224.8,25.5
gucheng_aq#0,33.9,125.6,18.2
gucheng_aq#1,70.3,119.3,28.5
gucheng_aq#2,134.8,172.0,63.9
gucheng_aq#3,90.5,164.2,91.8
gucheng_aq#4,79.0,162.8,94.4
gucheng_aq#5,44.4,155.6,105.5
gucheng_aq#6,43.6,173.2,105.4
gucheng_aq#7,51.3,174.3,106.7
gucheng_aq#8,51.5,190.5,108.9
gucheng_aq#9,12.8,89.9,111.8
gucheng_aq#10,8.2,79.0,106.2
gucheng_aq#11,8.4,81.3,94.3
gucheng_aq#12,11.8,74.2,78.9
gucheng_aq#13,13.2,84.6,74.9
gucheng_aq#14,13.3,79.6,82.2
gucheng_aq#15,7.2,102.1,78.0
gucheng_aq#16,9.2,76.6,52.0
gucheng_aq#17,12.9,71.0,30.4
gucheng_aq#18,50.7,194.5,22.4
gucheng_aq#19,53.1,193.7,5.5
gucheng_aq#20,54.6,173.7,15.1
gucheng_aq#21,72.0,184.5,3.6
gucheng_aq#22,77.7,207.6,17.2
gucheng_aq#23,72.7,220.7,22.4
gucheng_aq#24,106.3,178.2,39.0
gucheng_aq#25,106.3,178.0,43.3
gucheng_aq#26,106.9,173.3,98.5
gucheng_aq#27,103.3,170.3,111.1
gucheng_aq#28,90.0,168.2,96.8
gucheng_aq#29,80.0,179.4,109.4
gucheng_aq#30,63.5,323.1,109.4
gucheng_aq#31,63.5,214.7,114.7
gucheng_aq#32,61.6,249.9,114.3
gucheng_aq#33,64.2,246.9,117.1
gucheng_aq#34,78.0,246.9,117.1
gucheng_aq#35,85.5,286.4,110.6
gucheng_aq#36,78.9,286.8,103.5
gucheng_aq#37,78.9,279.7,95.6
gucheng_aq#38,67.3,281.4,95.6
gucheng_aq#39,70.0,267.8,66.8
gucheng_aq#40,60.5,268.2,47.1
gucheng_aq#41,67.6,239.4,51.5
gucheng_aq#42,81.1,224.0,41.5
gucheng_aq#43,89.8,179.2,7.0
gucheng_aq#44,110.0,184.6,5.0
gucheng_aq#45,86.4,222.4,25.1
gucheng_aq#46,72.3,219.2,30.6
gucheng_aq#47,91.9,224.8,24.7
fangshan_aq#0,85.7,176.7,18.2
fangshan_aq#1,75.4,190.6,35.5
fangshan_aq#2,74.9,192.3,74.7
fangshan_aq#3,77.3,191.9,80.2
fangshan_aq#4,67.7,191.0,87.7
fangshan_aq#5,63.3,175.5,108.8
fangshan_aq#6,43.0,191.2,109.5
fangshan_aq#7,51.8,221.7,107.8
fangshan_aq#8,52.0,224.7,113.9
fangshan_aq#9,8.6,72.6,115.7
fangshan_aq#10,9.1,68.2,107.2
fangshan_aq#11,8.1,68.2,99.4
fangshan_aq#12,12.2,59.1,88.1
fangshan_aq#13,12.4,59.1,68.5
fangshan_aq#14,12.2,64.9,76.9
fangshan_aq#15,55.6,141.1,68.4
fangshan_aq#16,49.2,189.5,52.2
fangshan_aq#17,51.1,245.2,32.6
fangshan_aq#18,49.4,244.0,21.9
fangshan_aq#19,56.0,197.6,17.3
fangshan_aq#20,63.7,207.7,12.4
fangshan_aq#21,68.1,218.8,9.5
fangshan_aq#22,66.1,206.8,11.7
fangshan_aq#23,65.3,206.7,21.9
fangshan_aq#24,78.0,198.7,39.5
fangshan_aq#25,82.8,203.5,67.1
fangshan_aq#26,84.7,203.5,116.0
fangshan_aq#27,77.9,206.6,115.7
fangshan_aq#28,92.1,202.8,96.4
fangshan_aq#29,93.7,192.5,114.2
fangshan_aq#30,61.6,328.5,114.2
fangshan_aq#31,61.6,264.0,119.3
fangshan_aq#32,61.6,266.1,119.3
fangshan_aq#33,78.6,269.4,116.4
fangshan_aq#34,87.3,269.4,126.8
fangshan_aq#35,77.3,267.8,110.8
fangshan_aq#36,69.6,285.7,105.0
fangshan_aq#37,72.8,261.5,99.6
fangshan_aq#38,66.5,277.6,97.7
fangshan_aq#39,71.7,259.7,57.4
fangshan_aq#40,71.7,259.1,53.7
fangshan_aq#41,80.7,243.4,46.5
fangshan_aq#42,86.3,241.2,36.2
fangshan_aq#43,91.8,209.0,25.1
fangshan_aq#44,94.4,225.0,34.8
fangshan_aq#45,97.7,223.7,32.3
fangshan_aq#46,98.8,246.9,33.3
fangshan_aq#47,74.4,245.2,18.9
daxing_aq#0,76.3,125.7,15.8
daxing_aq#1,118.6,180.9,38.6
daxing_aq#2,119.8,183.2,74.7
daxing_aq#3,97.3,174.5,89.5
daxing_aq#4,78.2,181.4,91.1
daxing_aq#5,65.3,191.4,99.8
daxing_aq#6,43.6,172.8,100.8
daxing_aq#7,40.7,193.3,97.7
daxing_aq#8,42.0,221.0,100.1
daxing_aq#9,8.8,61.7,95.9
daxing_aq#10,11.9,58.2,96.2
daxing_aq#11,9.8,53.4,85.5
daxing_aq#12,15.0,52.7,78.1
daxing_aq#13,11.9,71.8,65.4
daxing_aq#14,11.4,78.0,61.5
daxing_aq#15,6.8,78.2,74.6
daxing_aq#16,8.7,69.1,56.3
daxing_aq#17,13.2,65.5,37.9
daxing_aq#18,50.8,225.7,22.1
daxing_aq#19,52.8,210.9,15.8
daxing_aq#20,74.2,210.7,13.6
daxing_aq#21,74.1,198.5,7.5
daxing_aq#22,67.6,224.2,9.5
daxing_aq#23,63.8,217.9,18.1
daxing_aq#24,114.3,202.3,39.5
daxing_aq#25,114.3,208.6,73.1
daxing_aq#26,124.4,204.8,107.9
daxing_aq#27,125.9,208.2,113.1
daxing_aq#28,123.2,217.9,97.1
daxing_aq#29,94.1,203.2,112.2
daxing_aq#30,61.6,338.9,110.8
daxing_aq#31,61.6,246.5,112.3
daxing_aq#32,61.6,246.5,110.7
daxing_aq#33,74.0,246.1,108.9
daxing_aq#34,85.2,263.0,126.9
daxing_aq#35,78.6,286.4,111.4
daxing_aq#36,80.6,271.1,100.7
daxing_aq#37,68.5,240.8,90.8
daxing_aq#38,72.5,314.1,88.4
daxing_aq#39,81.0,280.6,60.4
daxing_aq#40,79.3,280.2,57.7
daxing_aq#41,85.4,231.2,66.6
daxing_aq#42,99.2,226.1,58.6
daxing_aq#43,89.5,194.7,36.7
daxing_aq#44,86.5,198.5,50.9
daxing_aq#45,79.6,216.4,37.0
daxing_aq#46,84.9,239.7,34.6
daxing_aq#47,93.2,237.7,34.6
yizhuang_aq#0,31.6,83.0,17.9
yizhuang_aq#1,65.0,125.1,37.9
yizhuang_aq#2,72.2,163.1,74.7
yizhuang_aq#3,80.5,159.6,85.1
yizhuang_aq#4,62.4,182.2,89.3
yizhuang_aq#5,57.9,179.0,100.3
yizhuang_aq#6,44.2,157.7,103.0
yizhuang_aq#7,41.3,180.2,98.0
yizhuang_aq#8,40.7,205.7,101.7
yizhuang_aq#9,9.5,58.4,92.9
yizhuang_aq#10,8.3,56.2,98.9
yizhuang_aq#11,6.4,53.8,87.9
yizhuang_aq#12,7.4,91.0,83.1
yizhuang_aq#13,13.6,45.8,61.6
yizhuang_aq#14,12.3,39.9,60.9
yizhuang_aq#15,7.9,39.0,79.1
yizhuang_aq#16,9.5,79.5,59.3
yizhuang_aq#17,13.2,91.3,39.8
yizhuang_aq#18,13.1,64.4,25.2
yizhuang_aq#19,53.1,160.4,13.1
yizhuang_aq#20,73.5,151.4,14.1
yizhuang_aq#21,61.7,161.5,4.0
yizhuang_aq#22,67.9,196.2,11.3
yizhuang_aq#23,64.1,195.5,20.3
yizhuang_aq#24,62.8,181.8,39.4
yizhuang_aq#25,62.8,185.3,70.9
yizhuang_aq#26,82.6,185.3,107.9
yizhuang_aq#27,72.0,194.5,109.5
yizhuang_aq#28,64.7,188.4,96.1
yizhuang_aq#29,69.0,176.5,112.7
yizhuang_aq#30,61.6,328.5,111.3
yizhuang_aq#31,61.6,230.4,117.8
yizhuang_aq#32,61.6,230.4,117.5
yizhuang_aq#33,63.3,230.0,114.1
yizhuang_aq#34,84.9,237.9,119.9
yizhuang_aq#35,86.9,284.4,111.9
yizhuang_aq#36,79.9,268.5,87.3
yizhuang_aq#37,68.9,236.0,90.9
yizhuang_aq#38,74.6,263.0,88.5
yizhuang_aq#39,79.7,257.5,65.8
yizhuang_aq#40,79.7,254.2,60.3
yizhuang_aq#41,71.5,215.1,70.0
yizhuang_aq#42,86.4,210.0,59.5
yizhuang_aq#43,92.5,186.0,31.6
yizhuang_aq#44,83.9,189.3,47.1
yizhuang_aq#45,76.0,212.8,39.8
yizhuang_aq#46,84.7,225.0,36.6
yizhuang_aq#47,90.3,229.3,42.2
tongzhou_aq#0,54.0,93.5,15.2
tongzhou_aq#1,84.9,164.1,46.8
tongzhou_aq#2,85.7,164.1,71.3
tongzhou_aq#3,93.0,184.9,93.7
tongzhou_aq#4,83.9,188.9,101.6
tongzhou_aq#5,66.8,200.1,101.8
tongzhou_aq#6,41.8,202.2,99.8
tongzhou_aq#7,17.2,88.3,98.4
tongzhou_aq#8,10.6,71.2,108.5
tongzhou_aq#9,15.7,69.4,94.1
tongzhou_aq#10,15.8,94.0,95.9
tongzhou_aq#11,15.8,53.4,95.8
tongzhou_aq#12,15.4,49.1,94.3
tongzhou_aq#13,26.0,74.8,77.0
tongzhou_aq#14,26.0,77.8,68.7
tongzhou_aq#15,15.2,74.4,51.7
tongzhou_aq#16,15.7,55.6,41.0
tongzhou_aq#17,15.6,86.6,32.0
tongzhou_aq#18,16.3,79.3,24.2
tongzhou_aq#19,53.0,195.0,23.5
tongzhou_aq#20,60.2,208.1,19.9
tongzhou_aq#21,69.0,196.9,6.2
tongzhou_aq#22,64.6,203.6,9.4
tongzhou_aq#23,67.3,221.5,11.6
tongzhou_aq#24,50.7,193.5,34.1
tongzhou_aq#25,58.7,197.6,65.5
tongzhou_aq#26,66.8,197.6,113.0
tongzhou_aq#27,62.2,215.7,102.2
tongzhou_aq#28,60.5,202.2,95.2
tongzhou_aq#29,66.4,203.1,106.4
tongzhou_aq#30,63.9,339.2,109.1
tongzhou_aq#31,63.9,255.3,113.5
tongzhou_aq#32,56.1,255.6,109.4
tongzhou_aq#33,55.4,265.9,109.2
tongzhou_aq#34,58.4,266.8,111.2
tongzhou_aq#35,80.9,293.1,100.3
tongzhou_aq#36,77.2,266.6,88.7
tongzhou_aq#37,78.8,256.9,90.8
tongzhou_aq#38,63.8,317.5,83.5
tongzhou_aq#39,60.7,329.4,60.4
tongzhou_aq#40,57.7,321.6,38.4
tongzhou_aq#41,59.6,289.6,62.2
tongzhou_aq#42,81.7,246.3,48.9
tongzhou_aq#43,85.7,253.9,31.8
tongzhou_aq#44,78.2,234.1,32.4
tongzhou_aq#45,81.8,236.3,35.1
tongzhou_aq#46,89.0,227.2,34.4
tongzhou_aq#47,84.7,228.6,34.2
shunyi_aq#0,32.6,92.9,21.3
shunyi_aq#1,71.6,162.5,47.1
shunyi_aq#2,71.6,164.9,66.3
shunyi_aq#3,80.3,183.5,87.7
shunyi_aq#4,73.1,188.0,99.5
shunyi_aq#5,57.4,185.4,99.6
shunyi_aq#6,41.3,194.1,98.0
shunyi_aq#7,14.7,91.9,97.1
shunyi_aq#8,7.9,70.2,109.6
shunyi_aq#9,11.5,95.4,94.6
shunyi_aq#10,8.7,53.8,101.4
shunyi_aq#11,8.1,79.0,106.1
shunyi_aq#12,8.5,78.2,99.9
shunyi_aq#13,15.8,75.0,81.9
shunyi_aq#14,16.1,72.1,67.3
shunyi_aq#15,9.1,62.6,36.7
shunyi_aq#16,10.3,54.6,45.5
shunyi_aq#17,10.3,43.1,36.0
shunyi_aq#18,13.9,103.9,24.1
shunyi_aq#19,58.1,158.5,7.1
shunyi_aq#20,60.9,163.3,22.7
shunyi_aq#21,62.5,160.8,10.9
shunyi_aq#22,62.1,165.9,11.4
shunyi_aq#23,68.0,216.9,11.7
shunyi_aq#24,53.4,169.0,33.6
shunyi_aq#25,56.2,181.3,76.9
shunyi_aq#26,55.2,181.3,102.6
shunyi_aq#27,67.5,183.8,115.5
shunyi_aq#28,50.6,189.8,92.1
shunyi_aq#29,64.2,183.9,109.9
shunyi_aq#30,61.6,327.1,109.2
shunyi_aq#31,61.6,224.1,113.5
shunyi_aq#32,56.1,251.0,109.8
shunyi_aq#33,56.4,256.2,112.6
shunyi_aq#34,52.5,293.1,116.6
shunyi_aq#35,65.7,250.2,100.8
shunyi_aq#36,63.8,210.7,98.4
shunyi_aq#37,64.8,212.8,78.5
shunyi_aq#38,67.6,277.4,70.2
shunyi_aq#39,86.7,271.9,91.7
shunyi_aq#40,71.1,272.9,77.8
shunyi_aq#41,76.9,272.7,32.8
shunyi_aq#42,92.8,264.3,39.6
shunyi_aq#43,92.1,208.0,4.6
shunyi_aq#44,83.0,180.7,4.9
shunyi_aq#45,79.8,174.0,33.3
shunyi_aq#46,85.2,169.3,43.3
shunyi_aq#47,92.9,180.3,44.0
pingchang_aq#0,31.1,112.9,10.3
pingchang_aq#1,31.1,112.9,35.0
pingchang_aq#2,49.1,113.6,73.3
pingchang_aq#3,77.6,138.7,86.5
pingchang_aq#4,69.4,177.0,93.8
pingchang_aq#5,50.2,176.7,101.0
pingchang_aq#6,45.7,198.6,100.4
pingchang_aq#7,40.7,213.1,98.5
pingchang_aq#8,41.2,216.6,106.1
pingchang_aq#9,11.8,95.0,105.3
pingchang_aq#10,8.7,52.3,102.6
pingchang_aq#11,9.3,83.0,90.1
pingchang_aq#12,8.9,72.9,71.8
pingchang_aq#13,12.0,51.6,64.6
pingchang_aq#14,11.2,60.3,72.1
pingchang_aq#15,6.4,58.0,64.7
pingchang_aq#16,16.1,58.5,40.2
pingchang_aq#17,14.6,59.2,35.4
pingchang_aq#18,14.6,70.8,21.9
pingchang_aq#19,55.6,108.9,25.4
pingchang_aq#20,57.3,177.8,22.9
pingchang_aq#21,60.7,169.6,27.8
pingchang_aq#22,61.7,222.3,22.6
pingchang_aq#23,75.1,199.2,28.4
pingchang_aq#24,81.8,194.3,36.1
pingchang_aq#25,68.6,192.9,35.8
pingchang_aq#26,68.0,176.1,94.4
pingchang_aq#27,78.2,175.8,101.8
pingchang_aq#28,78.2,190.7,101.1
pingchang_aq#29,68.0,186.3,108.9
pingchang_aq#30,57.6,323.4,107.5
pingchang_aq#31,52.6,213.9,108.2
pingchang_aq#32,52.0,249.4,105.8
pingchang_aq#33,54.6,253.5,110.8
pingchang_aq#34,57.7,256.4,99.3
pingchang_aq#35,62.2,301.7,89.6
pingchang_aq#36,66.0,325.9,84.7
pingchang_aq#37,60.8,281.2,93.1
pingchang_aq#38,60.6,188.1,97.4
pingchang_aq#39,65.4,263.7,95.2
pingchang_aq#40,65.4,262.6,72.5
pingchang_aq#41,62.5,254.0,61.7
pingchang_aq#42,54.7,240.2,36.8
pingchang_aq#43,91.5,197.9,35.8
pingchang_aq#44,95.1,227.8,29.6
pingchang_aq#45,66.9,226.5,26.7
pingchang_aq#46,70.2,226.0,25.4
pingchang_aq#47,65.1,221.7,25.4
mentougou_aq#0,75.7,139.3,21.0
mentougou_aq#1,87.4,185.9,34.6
mentougou_aq#2,88.3,186.4,77.3
mentougou_aq#3,83.9,179.9,85.3
mentougou_aq#4,78.1,178.3,93.8
mentougou_aq#5,49.3,173.0,102.2
mentougou_aq#6,43.6,170.2,100.8
mentougou_aq#7,51.7,178.8,103.6
mentougou_aq#8,50.2,184.9,112.4
mentougou_aq#9,9.2,77.5,106.7
mentougou_aq#10,14.6,71.0,112.1
mentougou_aq#11,35.8,67.0,90.7
mentougou_aq#12,13.1,74.6,74.1
mentougou_aq#13,14.0,76.1,75.4
mentougou_aq#14,14.0,74.7,62.7
mentougou_aq#15,9.2,72.3,71.2
mentougou_aq#16,9.4,62.2,52.5
mentougou_aq#17,13.4,59.4,35.8
mentougou_aq#18,50.2,201.8,31.6
mentougou_aq#19,52.5,177.0,40.6
mentougou_aq#20,56.3,181.6,40.0
mentougou_aq#21,61.3,205.4,46.7
mentougou_aq#22,73.8,199.8,41.3
mentougou_aq#23,63.9,205.8,45.1
mentougou_aq#24,70.6,181.0,41.9
mentougou_aq#25,63.7,194.9,45.3
mentougou_aq#26,64.6,200.6,95.3
mentougou_aq#27,81.2,193.2,104.3
mentougou_aq#28,75.5,194.7,101.7
mentougou_aq#29,64.4,185.0,108.4
mentougou_aq#30,58.4,363.3,109.7
mentougou_aq#31,58.0,246.5,112.9
mentougou_aq#32,58.0,249.9,107.1
mentougou_aq#33,51.0,242.9,108.1
mentougou_aq#34,51.9,250.9,114.4
mentougou_aq#35,89.5,295.3,99.2
mentougou_aq#36,69.3,310.2,93.3
mentougou_aq#37,62.3,313.5,83.1
mentougou_aq#38,62.7,255.5,73.9
mentougou_aq#39,57.1,247.8,73.0
mentougou_aq#40,63.6,293.4,66.0
mentougou_aq#41,79.2,234.8,63.5
mentougou_aq#42,78.8,216.4,52.5
mentougou_aq#43,80.9,180.5,51.8
mentougou_aq#44,83.5,183.2,53.6
mentougou_aq#45,79.1,225.7,51.8
mentougou_aq#46,61.0,221.4,53.4
mentougou_aq#47,64.5,218.9,50.9
pinggu_aq#0,74.5,151.6,38.8
pinggu_aq#1,73.6,154.0,43.5
pinggu_aq#2,78.8,158.1,89.3
pinggu_aq#3,85.3,184.7,90.6
pinggu_aq#4,87.0,192.9,98.8
pinggu_aq#5,67.3,159.7,98.1
pinggu_aq#6,17.0,81.3,98.0
pinggu_aq#7,9.5,76.8,105.8
pinggu_aq#8,9.7,92.3,107.0
pinggu_aq#9,12.2,51.3,99.5
pinggu_aq#10,11.8,78.4,119.4
pinggu_aq#11,11.4,79.7,100.8
pinggu_aq#12,11.9,66.1,101.2
pinggu_aq#13,10.5,79.8,92.3
pinggu_aq#14,10.5,77.4,77.2
pinggu_aq#15,12.3,75.3,68.2
pinggu_aq#16,12.0,61.5,63.3
pinggu_aq#17,13.1,96.7,67.1
pinggu_aq#18,14.9,66.1,50.5
pinggu_aq#19,51.1,165.6,63.4
pinggu_aq#20,54.0,144.8,53.6
pinggu_aq#21,71.3,151.5,56.9
pinggu_aq#22,69.4,178.8,72.5
pinggu_aq#23,68.5,197.4,72.5
pinggu_aq#24,70.5,163.5,36.9
pinggu_aq#25,56.4,184.2,79.6
pinggu_aq#26,66.4,184.2,106.2
pinggu_aq#27,70.0,188.2,114.6
pinggu_aq#28,70.6,190.1,101.2
pinggu_aq#29,53.4,173.3,106.7
pinggu_aq#30,46.5,314.7,99.8
pinggu_aq#31,47.7,209.0,105.6
pinggu_aq#32,53.9,218.8,100.4
pinggu_aq#33,56.5,252.0,105.6
pinggu_aq#34,59.3,237.0,101.7
pinggu_aq#35,64.4,233.3,87.2
pinggu_aq#36,67.0,191.2,78.6
pinggu_aq#37,66.9,217.0,72.4
pinggu_aq#38,73.0,234.8,66.7
pinggu_aq#39,66.1,218.0,93.0
pinggu_aq#40,64.3,220.0,82.2
pinggu_aq#41,62.4,231.8,47.1
pinggu_aq#42,92.9,205.2,64.2
pinggu_aq#43,80.3,163.3,58.7
pinggu_aq#44,78.9,170.3,48.2
pinggu_aq#45,78.3,222.7,60.0
pinggu_aq#46,91.7,233.1,62.4
pinggu_aq#47,88.3,220.3,76.0
huairou_aq#0,31.4,103.4,19.1
huairou_aq#1,79.3,174.5,43.9
huairou_aq#2,75.5,180.1,80.9
huairou_aq#3,79.0,193.4,84.0
huairou_aq#4,62.8,195.3,103.4
huairou_aq#5,57.2,189.4,99.6
huairou_aq#6,37.5,182.3,95.7
huairou_aq#7,38.2,212.8,99.7
huairou_aq#8,24.8,120.5,105.0
huairou_aq#9,12.0,85.6,95.7
huairou_aq#10,8.2,59.0,102.0
huairou_aq#11,8.1,50.9,96.0
huairou_aq#12,7.9,79.0,102.2
huairou_aq#13,16.5,58.2,82.1
huairou_aq#14,15.4,51.1,74.5
huairou_aq#15,8.9,52.1,54.5
huairou_aq#16,10.1,71.8,50.8
huairou_aq#17,10.3,44.4,41.8
huairou_aq#18,14.1,62.2,41.9
huairou_aq#19,58.9,123.9,45.9
huairou_aq#20,55.0,161.0,47.8
huairou_aq#21,55.0,153.3,48.5
huairou_aq#22,75.6,222.1,43.6
huairou_aq#23,64.8,228.2,37.3
huairou_aq#24,67.1,173.0,36.3
huairou_aq#25,67.1,194.1,67.5
huairou_aq#26,67.4,194.1,106.6
huairou_aq#27,89.9,195.8,113.0
huairou_aq#28,75.5,197.9,103.7
huairou_aq#29,61.4,194.9,111.3
huairou_aq#30,55.9,315.3,108.0
huairou_aq#31,54.8,202.3,106.5
huairou_aq#32,49.7,202.4,106.5
huairou_aq#33,54.2,211.1,106.4
huairou_aq#34,59.5,230.5,107.0
huairou_aq#35,68.8,236.3,93.1
huairou_aq#36,57.5,194.0,99.3
huairou_aq#37,57.8,197.5,75.0
huairou_aq#38,53.4,180.4,56.0
huairou_aq#39,75.6,206.5,84.0
huairou_aq#40,75.6,219.3,80.1
huairou_aq#41,86.8,201.1,72.8
huairou_aq#42,97.0,192.8,72.5
huairou_aq#43,92.8,177.7,52.7
huairou_aq#44,85.7,178.9,54.1
huairou_aq#45,89.4,177.1,53.1
huairou_aq#46,84.9,219.9,53.2
huairou_aq#47,93.0,218.2,41.9
miyun_aq#0,66.0,130.4,16.5
miyun_aq#1,87.4,176.2,42.3
miyun_aq#2,84.7,176.2,74.6
miyun_aq#3,84.0,191.4,91.8
miyun_aq#4,79.0,190.1,104.9
miyun_aq#5,48.4,182.7,102.5
miyun_aq#6,40.5,156.5,100.3
miyun_aq#7,39.2,120.8,104.4
miyun_aq#8,11.9,84.7,109.7
miyun_aq#9,10.6,96.3,101.4
miyun_aq#10,9.4,96.4,106.0
miyun_aq#11,10.0,61.5,95.3
miyun_aq#12,8.6,54.9,97.9
miyun_aq#13,8.6,75.2,92.7
miyun_aq#14,15.3,84.0,76.3
miyun_aq#15,11.5,58.0,32.7
miyun_aq#16,11.9,71.5,53.8
miyun_aq#17,12.5,103.6,20.6
miyun_aq#18,14.3,73.6,24.3
miyun_aq#19,58.1,134.8,26.2
miyun_aq#20,56.8,126.9,13.4
miyun_aq#21,72.2,148.4,21.7
miyun_aq#22,69.0,202.7,24.4
miyun_aq#23,74.1,216.2,23.4
miyun_aq#24,69.9,170.0,38.9
miyun_aq#25,67.7,177.0,62.2
miyun_aq#26,60.0,182.6,95.9
miyun_aq#27,83.8,182.9,114.8
miyun_aq#28,68.8,188.4,99.8
miyun_aq#29,59.0,186.8,114.2
miyun_aq#30,51.5,326.2,102.3
miyun_aq#31,47.0,216.0,106.7
miyun_aq#32,48.1,215.7,104.2
miyun_aq#33,61.0,250.7,105.3
miyun_aq#34,64.1,269.4,109.3
miyun_aq#35,75.2,218.7,84.2
miyun_aq#36,69.5,189.3,77.1
miyun_aq#37,78.5,203.6,53.5
miyun_aq#38,69.8,218.1,60.9
miyun_aq#39,80.4,228.1,75.8
miyun_aq#40,79.3,224.5,82.6
miyun_aq#41,89.5,228.5,41.3
miyun_aq#42,94.1,227.3,41.6
miyun_aq#43,91.7,184.4,34.6
miyun_aq#44,86.2,165.6,28.9
miyun_aq#45,87.5,154.7,37.7
miyun_aq#46,91.6,170.4,34.1
miyun_aq#47,89.9,210.2,46.6
yanqin_aq#0,29.3,116.6,13.8
yanqin_aq#1,29.3,120.9,39.4
yanqin_aq#2,35.0,121.6,80.9
yanqin_aq#3,56.4,121.6,91.9
yanqin_aq#4,36.1,117.2,93.8
yanqin_aq#5,13.1,113.8,99.5
yanqin_aq#6,43.0,184.6,97.4
yanqin_aq#7,41.2,148.6,100.0
yanqin_aq#8,45.3,140.9,106.7
yanqin_aq#9,7.7,68.5,103.7
yanqin_aq#10,7.7,72.5,109.2
yanqin_aq#11,8.8,87.6,99.7
yanqin_aq#12,12.4,88.3,101.7
yanqin_aq#13,11.5,80.8,96.4
yanqin_aq#14,10.5,80.8,89.2
yanqin_aq#15,6.7,89.9,66.2
yanqin_aq#16,7.2,61.7,48.2
yanqin_aq#17,8.9,67.5,49.7
yanqin_aq#18,34.9,106.2,26.3
yanqin_aq#19,58.7,177.0,22.3
yanqin_aq#20,63.0,174.6,25.0
yanqin_aq#21,61.5,167.7,18.3
yanqin_aq#22,79.1,167.5,17.1
yanqin_aq#23,87.1,165.2,19.1
yanqin_aq#24,96.0,200.1,30.5
yanqin_aq#25,86.7,211.5,38.1
yanqin_aq#26,94.6,210.6,86.2
yanqin_aq#27,79.2,230.1,91.3
yanqin_aq#28,68.0,219.4,103.7
yanqin_aq#29,52.4,210.1,102.9
yanqin_aq#30,46.7,309.6,105.1
yanqin_aq#31,45.1,237.7,107.2
yanqin_aq#32,54.5,232.9,97.1
yanqin_aq#33,54.5,225.6,104.5
yanqin_aq#34,60.9,192.7,96.0
yanqin_aq#35,70.2,189.1,90.8
yanqin_aq#36,78.9,192.9,71.0
yanqin_aq#37,69.8,221.0,63.5
yanqin_aq#38,75.3,294.6,66.8
yanqin_aq#39,74.0,224.2,38.0
yanqin_aq#40,69.0,288.3,67.3
yanqin_aq#41,65.8,265.6,40.1
yanqin_aq#42,57.7,258.3,39.2
yanqin_aq#43,73.2,194.3,35.5
yanqin_aq#44,64.7,207.0,38.2
yanqin_aq#45,67.2,180.2,30.5
yanqin_aq#46,65.8,191.3,25.7
yanqin_aq#47,73.9,179.8,19.0
dingling_aq#0,29.4,116.6,32.2
dingling_aq#1,29.4,116.6,40.5
dingling_aq#2,29.6,117.3,69.4
dingling_aq#3,68.6,143.7,83.2
dingling_aq#4,70.8,140.6,92.1
dingling_aq#5,43.5,145.2,101.0
dingling_aq#6,40.3,203.6,101.2
dingling_aq#7,35.3,207.3,99.5
dingling_aq#8,37.0,183.6,102.0
dingling_aq#9,8.1,100.0,103.5
dingling_aq#10,7.6,52.0,103.0
dingling_aq#11,8.0,52.0,89.5
dingling_aq#12,11.2,96.7,81.3
dingling_aq#13,11.1,51.5,73.4
dingling_aq#14,10.3,60.2,71.0
dingling_aq#15,5.9,57.6,66.4
dingling_aq#16,7.5,56.0,42.6
dingling_aq#17,15.1,67.6,59.2
dingling_aq#18,13.6,60.3,53.1
dingling_aq#19,35.7,100.6,54.2
dingling_aq#20,53.4,173.4,54.2
dingling_aq#21,59.7,176.3,55.0
dingling_aq#22,64.0,200.6,52.6
dingling_aq#23,74.0,200.6,40.6
dingling_aq#24,79.0,191.6,38.7
dingling_aq#25,75.0,210.3,42.0
dingling_aq#26,68.0,198.2,94.7
dingling_aq#27,78.6,183.8,94.0
dingling_aq#28,69.2,182.6,94.0
dingling_aq#29,60.4,183.6,101.3
dingling_aq#30,49.7,353.8,105.3
dingling_aq#31,52.1,225.7,104.4
dingling_aq#32,52.8,249.8,107.2
dingling_aq#33,57.0,267.5,99.9
dingling_aq#34,54.9,270.2,96.3
dingling_aq#35,73.1,287.4,95.8
dingling_aq#36,72.3,237.6,77.0
dingling_aq#37,73.0,190.4,91.6
dingling_aq#38,66.1,230.6,84.7
dingling_aq#39,70.9,264.5,86.5
dingling_aq#40,71.1,236.9,73.0
dingling_aq#41,63.9,260.6,65.2
dingling_aq#42,59.9,225.7,65.0
dingling_aq#43,53.7,193.7,58.0
dingling_aq#44,61.0,187.9,57.5
dingling_aq#45,63.1,187.4,57.7
dingling_aq#46,60.2,185.6,51.9
dingling_aq#47,55.4,185.1,46.7
badaling_aq#0,31.3,131.0,24.5
badaling_aq#1,37.0,131.0,39.6
badaling_aq#2,68.3,162.7,75.7
badaling_aq#3,66.0,166.2,83.7
badaling_aq#4,56.7,138.2,91.5
badaling_aq#5,25.6,179.8,99.5
badaling_aq#6,42.8,205.2,97.1
badaling_aq#7,41.4,153.8,99.0
badaling_aq#8,46.6,152.9,105.9
badaling_aq#9,30.3,145.8,105.4
badaling_aq#10,41.2,122.4,107.9
badaling_aq#11,15.1,83.1,99.8
badaling_aq#12,12.4,72.4,83.3
badaling_aq#13,12.2,66.9,89.4
badaling_aq#14,10.6,62.1,81.7
badaling_aq#15,6.8,73.3,68.1
badaling_aq#16,6.8,46.4,45.2
badaling_aq#17,8.9,81.7,48.1
badaling_aq#18,16.1,55.8,13.8
badaling_aq#19,67.7,222.3,7.5
badaling_aq#20,69.8,194.4,8.8
badaling_aq#21,73.1,193.8,17.1
badaling_aq#22,73.5,180.9,19.6
badaling_aq#23,88.0,186.8,21.3
badaling_aq#24,85.1,237.4,42.8
badaling_aq#25,78.7,239.7,40.6
badaling_aq#26,72.7,254.0,86.6
badaling_aq#27,81.6,247.6,98.2
badaling_aq#28,64.0,247.4,102.3
badaling_aq#29,36.2,247.2,104.7
badaling_aq#30,43.5,316.1,104.0
badaling_aq#31,45.8,232.7,100.5
badaling_aq#32,68.5,290.4,101.3
badaling_aq#33,61.7,257.4,99.4
badaling_aq#34,119.7,202.4,90.0
badaling_aq#35,129.2,223.4,85.7
badaling_aq#36,135.1,235.6,59.1
badaling_aq#37,136.4,175.1,60.5
badaling_aq#38,132.6,267.6,46.8
badaling_aq#39,128.9,251.5,51.4
badaling_aq#40,136.5,287.5,58.4
badaling_aq#41,115.0,287.1,37.0
badaling_aq#42,115.0,292.2,34.4
badaling_aq#43,84.8,262.6,15.3
badaling_aq#44,90.1,210.9,13.4
badaling_aq#45,92.2,205.5,9.5
badaling_aq#46,84.5,192.7,7.6
badaling_aq#47,86.9,193.1,12.0
miyunshuiku_aq#0,53.5,81.8,44.3
miyunshuiku_aq#1,88.8,154.2,52.7
miyunshuiku_aq#2,79.6,156.1,84.0
miyunshuiku_aq#3,67.7,169.5,91.3
miyunshuiku_aq#4,67.7,164.8,104.3
miyunshuiku_aq#5,37.8,157.0,97.5
miyunshuiku_aq#6,39.4,166.1,101.8
miyunshuiku_aq#7,37.7,152.6,111.9
miyunshuiku_aq#8,36.9,109.4,121.4
miyunshuiku_aq#9,10.1,50.2,112.8
miyunshuiku_aq#10,10.3,51.3,116.2
miyunshuiku_aq#11,9.6,52.4,117.5
miyunshuiku_aq#12,9.1,46.2,106.1
miyunshuiku_aq#13,7.5,74.0,99.1
miyunshuiku_aq#14,7.5,38.1,92.7
miyunshuiku_aq#15,10.0,87.3,63.6
miyunshuiku_aq#16,10.7,71.7,64.6
miyunshuiku_aq#17,15.2,79.7,53.7
miyunshuiku_aq#18,16.1,73.3,60.9
miyunshuiku_aq#19,62.8,149.5,72.6
miyunshuiku_aq#20,66.6,140.3,69.9
miyunshuiku_aq#21,77.1,148.1,65.0
miyunshuiku_aq#22,70.2,141.0,60.5
miyunshuiku_aq#23,73.9,183.4,57.2
miyunshuiku_aq#24,64.8,146.5,49.2
miyunshuiku_aq#25,60.8,158.8,66.8
miyunshuiku_aq#26,59.9,169.0,92.2
miyunshuiku_aq#27,51.3,170.1,114.8
miyunshuiku_aq#28,55.0,182.5,101.6
miyunshuiku_aq#29,43.7,164.6,102.4
miyunshuiku_aq#30,55.4,313.5,102.4
miyunshuiku_aq#31,51.1,235.0,104.3
miyunshuiku_aq#32,51.0,249.1,103.5
miyunshuiku_aq#33,60.4,265.9,122.3
miyunshuiku_aq#34,63.5,293.5,124.8
miyunshuiku_aq#35,73.6,246.0,104.8
miyunshuiku_aq#36,73.7,216.8,108.8
miyunshuiku_aq#37,77.7,196.0,111.8
miyunshuiku_aq#38,69.7,260.3,120.8
miyunshuiku_aq#39,78.2,263.7,96.7
miyunshuiku_aq#40,78.0,212.9,80.4
miyunshuiku_aq#41,90.5,274.3,54.7
miyunshuiku_aq#42,96.3,255.7,57.3
miyunshuiku_aq#43,93.9,186.7,70.8
miyunshuiku_aq#44,85.7,177.9,70.5
miyunshuiku_aq#45,89.7,170.0,65.2
miyunshuiku_aq#46,104.5,163.3,65.3
miyunshuiku_aq#47,107.9,166.3,65.6
donggaocun_aq#0,78.0,148.2,61.7
donggaocun_aq#1,66.9,154.7,57.0
donggaocun_aq#2,67.3,174.3,91.4
donggaocun_aq#3,74.8,173.5,88.6
donggaocun_aq#4,86.6,187.8,106.1
donggaocun_aq#5,35.7,92.8,101.6
donggaocun_aq#6,16.0,79.7,101.6
donggaocun_aq#7,7.6,76.6,99.0
donggaocun_aq#8,8.4,102.6,106.7
donggaocun_aq#9,7.8,56.5,99.1
donggaocun_aq#10,6.9,67.7,116.7
donggaocun_aq#11,8.5,51.4,102.0
donggaocun_aq#12,9.1,55.2,102.0
donggaocun_aq#13,6.4,55.2,79.7
donggaocun_aq#14,6.4,71.9,84.1
donggaocun_aq#15,9.1,51.2,76.1
donggaocun_aq#16,8.4,58.5,74.1
donggaocun_aq#17,11.1,89.4,48.6
donggaocun_aq#18,14.5,68.7,49.9
donggaocun_aq#19,57.4,173.0,68.7
donggaocun_aq#20,55.8,154.4,54.2
donggaocun_aq#21,74.1,157.4,61.7
donggaocun_aq#22,67.2,176.0,60.1
donggaocun_aq#23,74.8,197.6,68.0
donggaocun_aq#24,60.7,153.0,54.9
donggaocun_aq#25,58.7,178.7,68.6
donggaocun_aq#26,65.8,182.3,97.5
donggaocun_aq#27,68.6,185.1,114.6
donggaocun_aq#28,57.2,186.7,99.9
donggaocun_aq#29,54.4,172.4,112.3
donggaocun_aq#30,48.4,319.0,100.0
donggaocun_aq#31,48.0,204.9,106.6
donggaocun_aq#32,57.6,215.5,99.8
donggaocun_aq#33,60.2,221.3,100.5
donggaocun_aq#34,63.0,207.3,98.3
donggaocun_aq#35,68.4,185.4,80.4
donggaocun_aq#36,70.7,169.9,73.4
donggaocun_aq#37,78.9,202.4,55.0
donggaocun_aq#38,79.8,262.3,59.3
donggaocun_aq#39,71.9,211.7,89.3
donggaocun_aq#40,71.0,211.4,109.3
donggaocun_aq#41,75.8,216.2,74.2
donggaocun_aq#42,91.9,213.1,74.1
donggaocun_aq#43,83.0,167.0,57.9
donggaocun_aq#44,82.4,168.2,66.6
donggaocun_aq#45,81.8,174.0,64.9
donggaocun_aq#46,77.6,191.1,71.5
donggaocun_aq#47,59.3,191.1,75.6
yongledian_aq#0,35.6,94.8,16.9
yongledian_aq#1,35.6,94.8,41.6
yongledian_aq#2,35.6,103.3,83.7
yongledian_aq#3,35.6,114.0,89.3
yongledian_aq#4,34.3,106.5,102.0
yongledian_aq#5,22.4,102.3,117.5
yongledian_aq#6,22.8,107.7,114.9
yongledian_aq#7,23.2,49.7,115.8
yongledian_aq#8,21.4,65.5,116.9
yongledian_aq#9,19.6,67.7,114.7
yongledian_aq#10,17.5,55.2,112.0
yongledian_aq#11,17.9,95.5,117.8
yongledian_aq#12,16.2,59.5,116.1
yongledian_aq#13,18.6,62.3,87.6
yongledian_aq#14,16.7,60.3,74.4
yongledian_aq#15,16.1,50.3,63.7
yongledian_aq#16,16.1,65.1,30.1
yongledian_aq#17,15.1,64.6,26.1
yongledian_aq#18,20.2,71.7,30.0
yongledian_aq#19,63.7,127.3,11.9
yongledian_aq#20,75.5,167.4,13.8
yongledian_aq#21,75.4,167.1,3.1
yongledian_aq#22,69.0,176.5,6.4
yongledian_aq#23,67.6,172.9,15.4
yongledian_aq#24,66.4,196.1,36.6
yongledian_aq#25,65.3,211.4,45.0
yongledian_aq#26,66.5,209.5,95.0
yongledian_aq#27,90.5,212.4,113.5
yongledian_aq#28,79.9,205.8,121.1
yongledian_aq#29,72.4,207.8,131.9
yongledian_aq#30,87.7,356.0,137.5
yongledian_aq#31,87.7,316.0,136.8
yongledian_aq#32,87.7,316.0,136.8
yongledian_aq#33,80.9,308.3,135.5
yongledian_aq#34,80.6,309.3,129.2
yongledian_aq#35,90.7,309.3,114.6
yongledian_aq#36,89.6,327.9,110.9
yongledian_aq#37,89.9,315.1,115.0
yongledian_aq#38,89.9,305.8,115.0
yongledian_aq#39,78.6,307.9,65.0
yongledian_aq#40,79.1,287.9,40.7
yongledian_aq#41,83.0,296.7,54.6
yongledian_aq#42,82.4,308.9,65.3
yongledian_aq#43,94.7,282.6,44.5
yongledian_aq#44,79.6,187.3,42.1
yongledian_aq#45,77.7,191.3,29.1
yongledian_aq#46,88.0,203.5,40.6
yongledian_aq#47,96.7,203.5,38.9
yufa_aq#0,61.5,124.5,29.8
yufa_aq#1,78.0,186.2,46.4
yufa_aq#2,89.1,182.4,77.9
yufa_aq#3,67.9,182.0,99.0
yufa_aq#4,68.7,154.6,107.4
yufa_aq#5,20.8,85.5,109.2
yufa_aq#6,16.3,67.6,108.2
yufa_aq#7,14.0,43.8,103.3
yufa_aq#8,10.8,106.0,98.8
yufa_aq#9,12.3,98.0,99.2
yufa_aq#10,12.2,86.4,100.3
yufa_aq#11,8.0,49.7,98.1
yufa_aq#12,11.8,58.6,91.9
yufa_aq#13,11.6,52.0,85.1
yufa_aq#14,11.8,55.1,93.2
yufa_aq#15,14.4,52.3,68.3
yufa_aq#16,47.6,123.7,57.0
yufa_aq#17,52.4,163.2,59.2
yufa_aq#18,51.3,137.8,32.7
yufa_aq#19,73.0,155.9,36.2
yufa_aq#20,66.3,146.3,22.5
yufa_aq#21,72.9,154.3,18.3
yufa_aq#22,65.6,180.0,12.9
yufa_aq#23,66.1,174.7,22.3
yufa_aq#24,80.4,182.2,41.5
yufa_aq#25,61.3,193.5,68.8
yufa_aq#26,59.6,193.5,100.8
yufa_aq#27,74.1,193.6,107.8
yufa_aq#28,60.8,199.6,96.8
yufa_aq#29,65.9,200.0,110.8
yufa_aq#30,86.7,338.5,113.4
yufa_aq#31,61.6,245.4,114.4
yufa_aq#32,58.0,245.4,115.1
yufa_aq#33,76.8,265.9,105.5
yufa_aq#34,77.0,265.9,117.7
yufa_aq#35,77.1,272.9,102.7
yufa_aq#36,84.8,268.1,85.8
yufa_aq#37,78.9,254.4,83.6
yufa_aq#38,72.7,291.9,83.0
yufa_aq#39,69.1,283.6,51.9
yufa_aq#40,70.3,264.2,43.6
yufa_aq#41,73.8,249.3,70.6
yufa_aq#42,87.4,230.3,64.6
yufa_aq#43,85.2,211.5,44.7
yufa_aq#44,77.1,207.1,52.8
yufa_aq#45,77.1,209.9,42.1
yufa_aq#46,74.8,200.8,33.5
yufa_aq#47,76.2,209.7,32.4
liulihe_aq#0,78.9,224.7,34.4
liulihe_aq#1,73.8,203.7,42.8
liulihe_aq#2,67.7,203.7,87.7
liulihe_aq#3,83.0,205.1,80.7
liulihe_aq#4,72.0,195.6,89.5
liulihe_aq#5,62.2,198.1,101.2
liulihe_aq#6,40.5,313.6,104.9
liulihe_aq#7,41.4,318.7,106.8
liulihe_aq#8,51.8,290.9,108.4
liulihe_aq#9,10.1,61.9,110.7
liulihe_aq#10,39.1,82.9,108.4
liulihe_aq#11,60.0,290.2,96.4
liulihe_aq#12,31.9,93.2,91.9
liulihe_aq#13,26.6,80.4,81.7
liulihe_aq#14,28.0,78.0,75.0
liulihe_aq#15,35.2,244.0,71.4
liulihe_aq#16,64.7,250.5,51.9
liulihe_aq#17,74.1,247.0,38.5
liulihe_aq#18,72.2,232.2,32.5
liulihe_aq#19,84.7,253.2,16.6
liulihe_aq#20,92.6,275.3,31.1
liulihe_aq#21,87.7,263.1,8.8
liulihe_aq#22,83.2,230.5,10.4
liulihe_aq#23,80.4,230.5,23.6
liulihe_aq#24,67.1,229.9,36.6
liulihe_aq#25,64.2,226.9,54.9
liulihe_aq#26,67.8,228.3,100.1
liulihe_aq#27,85.4,230.5,107.6
liulihe_aq#28,83.1,230.9,96.2
liulihe_aq#29,90.0,235.2,124.6
liulihe_aq#30,94.1,309.3,127.2
liulihe_aq#31,94.2,317.5,126.4
liulihe_aq#32,79.1,305.5,124.9
liulihe_aq#33,86.5,305.5,123.6
liulihe_aq#34,80.7,305.5,123.3
liulihe_aq#35,78.7,303.6,103.8
liulihe_aq#36,71.6,309.2,108.3
liulihe_aq#37,76.2,318.4,91.0
liulihe_aq#38,72.1,330.9,77.9
liulihe_aq#39,84.8,327.3,75.7
liulihe_aq#40,86.2,327.3,39.6
liulihe_aq#41,86.8,317.5,45.5
liulihe_aq#42,87.8,318.5,42.1
liulihe_aq#43,84.3,318.5,28.7
liulihe_aq#44,99.3,303.6,30.8
liulihe_aq#45,91.0,302.8,42.1
liulihe_aq#46,94.6,302.8,36.5
liulihe_aq#47,102.2,302.8,36.9
qianmen_aq#0,29.0,82.4,17.3
qianmen_aq#1,29.2,80.2,41.1
qianmen_aq#2,30.1,79.1,57.4
qianmen_aq#3,68.9,166.6,83.3
qianmen_aq#4,62.5,179.1,87.6
qianmen_aq#5,59.0,194.4,101.9
qianmen_aq#6,44.2,168.3,101.1
qianmen_aq#7,41.3,177.8,96.9
qianmen_aq#8,42.0,187.3,104.2
qianmen_aq#9,10.8,69.4,99.8
qianmen_aq#10,11.9,54.3,100.3
qianmen_aq#11,9.3,63.2,88.7
qianmen_aq#12,9.1,89.7,79.8
qianmen_aq#13,13.8,43.5,64.3
qianmen_aq#14,12.9,40.9,70.2
qianmen_aq#15,8.0,48.1,76.1
qianmen_aq#16,9.1,48.7,60.1
qianmen_aq#17,10.9,40.1,38.8
qianmen_aq#18,14.8,56.7,22.1
qianmen_aq#19,51.7,178.6,11.5
qianmen_aq#20,55.6,166.4,19.6
qianmen_aq#21,69.5,170.3,7.5
qianmen_aq#22,61.0,175.5,10.6
qianmen_aq#23,68.2,195.7,11.1
qianmen_aq#24,52.7,195.3,34.1
qianmen_aq#25,60.4,196.2,60.0
qianmen_aq#26,63.8,196.2,98.8
qianmen_aq#27,73.8,195.2,111.9
qianmen_aq#28,75.9,195.0,97.8
qianmen_aq#29,89.2,201.5,110.8
qianmen_aq#30,58.8,328.5,109.1
qianmen_aq#31,61.6,224.8,113.5
qianmen_aq#32,58.0,224.8,112.9
qianmen_aq#33,58.7,286.4,113.3
qianmen_aq#34,78.7,286.4,123.4
qianmen_aq#35,80.8,285.7,109.9
qianmen_aq#36,75.5,285.7,99.2
qianmen_aq#37,68.0,260.0,90.8
qianmen_aq#38,61.6,283.9,90.8
qianmen_aq#39,68.7,281.6,72.3
qianmen_aq#40,67.5,287.2,64.9
qianmen_aq#41,72.7,258.4,50.4
qianmen_aq#42,93.0,220.9,61.2
qianmen_aq#43,99.8,178.1,7.7
qianmen_aq#44,87.1,167.9,26.7
qianmen_aq#45,95.6,166.9,33.2
qianmen_aq#46,93.6,176.7,33.6
qianmen_aq#47,70.6,197.4,35.2
yongdingmennei_aq#0,31.0,75.7,15.5
yongdingmennei_aq#1,31.0,75.7,49.1
yongdingmennei_aq#2,31.0,75.7,63.9
yongdingmennei_aq#3,30.9,75.7,85.8
yongdingmennei_aq#4,40.6,87.0,102.2
yongdingmennei_aq#5,40.5,82.8,104.9
yongdingmennei_aq#6,21.6,90.3,107.0
yongdingmennei_aq#7,13.8,39.3,102.7
yongdingmennei_aq#8,9.0,68.1,103.1
yongdingmennei_aq#9,8.3,64.1,113.1
yongdingmennei_aq#10,12.0,61.1,100.4
yongdingmennei_aq#11,9.9,64.4,89.0
yongdingmennei_aq#12,6.0,89.6,78.0
yongdingmennei_aq#13,12.4,40.9,58.7
yongdingmennei_aq#14,11.3,39.6,73.3
yongdingmennei_aq#15,6.2,42.3,71.7
yongdingmennei_aq#16,9.0,47.1,54.4
yongdingmennei_aq#17,13.9,51.3,29.5
yongdingmennei_aq#18,14.8,57.6,24.3
yongdingmennei_aq#19,52.6,178.4,6.9
yongdingmennei_aq#20,54.8,151.6,8.8
yongdingmennei_aq#21,69.9,168.3,5.9
yongdingmennei_aq#22,64.9,196.6,9.7
yongdingmennei_aq#23,64.1,185.3,21.5
yongdingmennei_aq#24,60.1,195.6,28.1
yongdingmennei_aq#25,60.1,191.3,60.0
yongdingmennei_aq#26,63.7,191.3,104.2
yongdingmennei_aq#27,65.4,191.2,111.1
yongdingmennei_aq#28,72.9,200.7,99.2
yongdingmennei_aq#29,65.6,182.6,114.8
yongdingmennei_aq#30,61.6,328.5,114.1
yongdingmennei_aq#31,61.6,211.9,114.0
yongdingmennei_aq#32,61.6,224.8,117.5
yongdingmennei_aq#33,64.2,242.9,114.4
yongdingmennei_aq#34,91.1,242.9,124.5
yongdingmennei_aq#35,88.4,250.8,110.7
yongdingmennei_aq#36,85.6,286.4,99.1
yongdingmennei_aq#37,72.8,239.8,89.2
yongdingmennei_aq#38,57.6,259.3,89.2
yongdingmennei_aq#39,69.6,264.4,67.6
yongdingmennei_aq#40,69.8,264.4,57.3
yongdingmennei_aq#41,74.3,221.8,50.3
yongdingmennei_aq#42,76.0,217.5,57.0
yongdingmennei_aq#43,90.7,166.9,3.6
yongdingmennei_aq#44,81.4,222.4,32.1
yongdingmennei_aq#45,89.5,227.1,29.1
yongdingmennei_aq#46,88.1,220.3,30.0
yongdingmennei_aq#47,101.6,221.3,16.3
xizhimenbei_aq#0,35.6,101.6,13.9
xizhimenbei_aq#1,35.6,107.2,42.4
xizhimenbei_aq#2,35.6,107.9,54.9
xizhimenbei_aq#3,74.5,172.4,75.3
xizhimenbei_aq#4,60.9,183.6,84.2
xizhimenbei_aq#5,55.7,181.8,101.4
xizhimenbei_aq#6,45.0,160.8,99.6
xizhimenbei_aq#7,42.2,174.4,95.4
xizhimenbei_aq#8,42.1,215.0,103.3
xizhimenbei_aq#9,13.1,64.5,97.6
xizhimenbei_aq#10,10.8,58.0,102.3
xizhimenbei_aq#11,9.5,89.5,85.0
xizhimenbei_aq#12,9.3,77.8,71.8
xizhimenbei_aq#13,13.8,37.9,70.0
xizhimenbei_aq#14,12.9,39.2,68.3
xizhimenbei_aq#15,11.2,69.6,78.8
xizhimenbei_aq#16,10.9,72.7,57.2
xizhimenbei_aq#17,9.2,75.4,40.9
xizhimenbei_aq#18,17.7,96.6,18.0
xizhimenbei_aq#19,55.0,175.0,11.9
xizhimenbei_aq#20,57.8,175.4,12.0
xizhimenbei_aq#21,58.4,185.3,2.5
xizhimenbei_aq#22,61.0,168.1,8.6
xizhimenbei_aq#23,67.6,210.9,10.9
xizhimenbei_aq#24,61.4,187.2,30.1
xizhimenbei_aq#25,68.6,200.3,56.6
xizhimenbei_aq#26,67.7,209.7,83.2
xizhimenbei_aq#27,85.3,201.3,107.9
xizhimenbei_aq#28,56.6,182.9,86.5
xizhimenbei_aq#29,67.0,186.4,104.3
xizhimenbei_aq#30,63.4,332.9,104.3
xizhimenbei_aq#31,63.4,224.8,108.9
xizhimenbei_aq#32,65.9,224.8,107.6
xizhimenbei_aq#33,61.0,268.4,109.4
xizhimenbei_aq#34,87.1,291.8,109.1
xizhimenbei_aq#35,77.9,291.8,108.0
xizhimenbei_aq#36,81.3,291.8,99.2
xizhimenbei_aq#37,76.7,246.8,90.8
xizhimenbei_aq#38,65.6,294.8,90.8
xizhimenbei_aq#39,71.5,299.9,82.4
xizhimenbei_aq#40,76.6,280.4,51.9
xizhimenbei_aq#41,76.6,264.2,28.7
xizhimenbei_aq#42,64.6,220.9,52.9
xizhimenbei_aq#43,104.9,182.1,3.4
xizhimenbei_aq#44,99.9,179.4,3.4
xizhimenbei_aq#45,102.3,180.1,28.8
xizhimenbei_aq#46,98.6,199.7,31.5
xizhimenbei_aq#47,86.4,221.5,35.6
nansanhuan_aq#0,31.1,82.3,15.6
nansanhuan_aq#1,31.1,86.0,32.4
nansanhuan_aq#2,65.6,130.8,61.0
nansanhuan_aq#3,88.7,171.5,58.5
nansanhuan_aq#4,75.3,170.6,64.4
nansanhuan_aq#5,52.8,182.1,74.0
nansanhuan_aq#6,42.6,165.7,71.6
nansanhuan_aq#7,40.5,177.4,77.1
nansanhuan_aq#8,42.8,212.5,75.9
nansanhuan_aq#9,14.8,64.1,85.3
nansanhuan_aq#10,12.3,66.6,74.3
nansanhuan_aq#11,10.4,69.9,64.7
nansanhuan_aq#12,7.6,57.2,60.5
nansanhuan_aq#13,11.9,85.4,41.5
nansanhuan_aq#14,11.6,79.0,58.0
nansanhuan_aq#15,6.6,44.5,68.1
nansanhuan_aq#16,9.9,47.9,57.7
nansanhuan_aq#17,15.4,57.7,29.5
nansanhuan_aq#18,15.5,57.1,24.3
nansanhuan_aq#19,53.1,207.0,11.4
nansanhuan_aq#20,56.2,190.6,8.5
nansanhuan_aq#21,69.6,234.6,3.5
nansanhuan_aq#22,66.9,259.0,8.4
nansanhuan_aq#23,64.1,238.3,21.5
nansanhuan_aq#24,56.5,196.6,35.9
nansanhuan_aq#25,55.1,194.7,46.7
nansanhuan_aq#26,60.1,194.7,86.8
nansanhuan_aq#27,61.4,194.6,82.8
nansanhuan_aq#28,72.9,204.1,73.0
nansanhuan_aq#29,65.7,199.9,85.4
nansanhuan_aq#30,64.4,314.3,84.5
nansanhuan_aq#31,64.4,233.2,82.3
nansanhuan_aq#32,64.4,245.6,84.3
nansanhuan_aq#33,64.4,281.6,90.6
nansanhuan_aq#34,91.3,281.6,102.1
nansanhuan_aq#35,81.5,308.1,93.2
nansanhuan_aq#36,80.4,289.0,87.6
nansanhuan_aq#37,72.9,249.3,79.1
nansanhuan_aq#38,57.7,263.2,79.1
nansanhuan_aq#39,71.4,272.1,59.8
nansanhuan_aq#40,78.4,279.2,54.2
nansanhuan_aq#41,78.9,291.1,50.3
nansanhuan_aq#42,78.7,286.3,52.1
nansanhuan_aq#43,94.2,245.5,12.6
nansanhuan_aq#44,84.9,277.8,32.1
nansanhuan_aq#45,89.9,286.0,30.3
nansanhuan_aq#46,91.9,301.2,33.3
nansanhuan_aq#47,105.4,302.2,16.4
dongsihuan_aq#0,31.6,84.0,16.0
dongsihuan_aq#1,31.6,84.4,38.8
dongsihuan_aq#2,31.6,97.9,49.7
dongsihuan_aq#3,75.6,128.0,79.5
dongsihuan_aq#4,73.0,188.1,86.3
dongsihuan_aq#5,64.5,187.2,92.3
dongsihuan_aq#6,44.9,171.3,92.9
dongsihuan_aq#7,39.9,208.3,90.5
dongsihuan_aq#8,40.8,161.6,95.3
dongsihuan_aq#9,8.3,67.0,88.7
dongsihuan_aq#10,6.4,54.7,88.8
dongsihuan_aq#11,6.2,85.0,86.3
dongsihuan_aq#12,5.6,46.1,77.9
dongsihuan_aq#13,12.9,51.0,49.1
dongsihuan_aq#14,12.9,63.1,47.7
dongsihuan_aq#15,9.0,59.6,28.1
dongsihuan_aq#16,9.0,75.6,41.3
dongsihuan_aq#17,8.1,43.7,23.7
dongsihuan_aq#18,12.8,64.1,24.2
dongsihuan_aq#19,51.2,180.9,6.9
dongsihuan_aq#20,53.1,162.3,8.5
dongsihuan_aq#21,67.4,152.1,3.7
dongsihuan_aq#22,64.0,152.0,5.7
dongsihuan_aq#23,71.3,176.0,9.2
dongsihuan_aq#24,51.3,199.4,24.3
dongsihuan_aq#25,60.1,204.6,49.5
dongsihuan_aq#26,64.4,200.0,71.6
dongsihuan_aq#27,83.6,199.0,110.3
dongsihuan_aq#28,64.1,204.3,95.8
dongsihuan_aq#29,69.0,186.7,97.2
dongsihuan_aq#30,58.8,328.5,96.5
dongsihuan_aq#31,61.6,239.4,96.5
dongsihuan_aq#32,60.7,239.4,99.6
dongsihuan_aq#33,58.1,265.9,96.0
dongsihuan_aq#34,74.6,286.4,110.1
dongsihuan_aq#35,77.3,285.7,102.6
dongsihuan_aq#36,75.1,271.1,89.1
dongsihuan_aq#37,68.3,260.0,87.7
dongsihuan_aq#38,61.9,277.2,87.7
dongsihuan_aq#39,69.8,282.2,63.7
dongsihuan_aq#40,71.9,287.2,61.8
dongsihuan_aq#41,69.8,256.8,53.4
dongsihuan_aq#42,63.2,232.7,45.9
dongsihuan_aq#43,100.2,219.6,3.4
dongsihuan_aq#44,82.4,209.0,17.6
dongsihuan_aq#45,92.4,211.7,23.2
dongsihuan_aq#46,86.7,248.4,30.4
dongsihuan_aq#47,73.3,248.4,29.2
CD1#0,12.95,21.080000000000002,
CD1#1,10.779999999999998,20.509999999999998,
CD1#2,10.290000000000001,21.670000000000005,
CD1#3,10.3,23.330000000000002,
CD1#4,10.99,21.969999999999995,
CD1#5,11.629999999999999,25.499999999999996,
CD1#6,11.34,23.93,
CD1#7,12.71,25.77,
CD1#8,11.95,23.68,
CD1#9,11.94,29.15,
CD1#10,6.55,28.170000000000005,
CD1#11,5.880000000000001,20.339999999999996,
CD1#12,9.79,20.119999999999997,
CD1#13,6.720000000000001,26.49,
CD1#14,7.12,22.029999999999998,
CD1#15,6.99,22.009999999999998,
CD1#16,7.290000000000001,23.880000000000003,
CD1#17,7.57,24.0,
CD1#18,7.55,22.810000000000002,
CD1#19,7.44,22.810000000000002,
CD1#20,7.159999999999999,23.700000000000003,
CD1#21,7.340000000000001,20.16,
CD1#22,6.87,18.720000000000002,
CD1#23,6.859999999999999,19.300000000000004,
CD1#24,7.169999999999999,21.270000000000003,
CD1#25,6.93,22.020000000000003,
CD1#26,7.510000000000001,21.98,
CD1#27,28.380000000000003,31.29,
CD1#28,9.78,23.46,
CD1#29,8.18,23.7,
CD1#30,7.960000000000001,28.110000000000003,
CD1#31,7.2,22.270000000000003,
CD1#32,6.119999999999999,18.85,
CD1#33,5.45,17.979999999999997,
CD1#34,5.25,17.970000000000002,
CD1#35,5.24,17.52,
CD1#36,10.539999999999997,16.56,
CD1#37,5.199999999999999,15.320000000000002,
CD1#38,5.830000000000001,15.02,
CD1#39,6.359999999999999,15.130000000000004,
CD1#40,10.829999999999998,18.840000000000003,
CD1#41,9.360000000000001,17.910000000000004,
CD1#42,4.76,15.089999999999998,
CD1#43,4.4300000000000015,15.780000000000001,
CD1#44,4.790000000000001,16.79,
CD1#45,10.07,15.0,
CD1#46,4.090000000000001,20.67,
CD1#47,4.49,14.77,
BL0#0,12.06,22.170000000000005,
BL0#1,7.8,21.59,
BL0#2,7.95,24.380000000000003,
BL0#3,9.16,29.9,
BL0#4,8.44,22.829999999999995,
BL0#5,7.459999999999999,24.889999999999997,
BL0#6,8.870000000000001,21.75,
BL0#7,4.48,21.71,
BL0#8,4.760000000000001,21.779999999999998,
BL0#9,8.879999999999999,23.13,
BL0#10,3.7600000000000002,39.79,
BL0#11,2.8800000000000003,21.380000000000003,
BL0#12,4.590000000000001,18.830000000000002,
BL0#13,4.53,23.630000000000003,
BL0#14,3.38,21.9,
BL0#15,3.5700000000000003,21.9,
BL0#16,4.64,21.28,
BL0#17,3.5300000000000002,20.970000000000002,
BL0#18,3.5400000000000005,17.94,
BL0#19,3.2399999999999998,15.86,
BL0#20,3.2399999999999998,16.92,
BL0#21,3.0199999999999996,17.23,
BL0#22,3.38,26.55,
BL0#23,3.4,34.59,
BL0#24,29.110000000000007,30.409999999999997,
BL0#25,6.319999999999999,23.31,
BL0#26,5.270000000000001,20.35,
BL0#27,2.2800000000000002,28.48,
BL0#28,5.46,24.82,
BL0#29,4.430000000000001,14.059999999999999,
BL0#30,4.65,15.430000000000001,
BL0#31,3.81,13.479999999999999,
BL0#32,4.79,16.5,
BL0#33,2.39,14.179999999999998,
BL0#34,2.96,13.15,
BL0#35,3.25,14.45,
BL0#36,4.15,14.089999999999998,
BL0#37,3.97,13.110000000000003,
BL0#38,2.6599999999999997,13.880000000000004,
BL0#39,6.859999999999999,15.760000000000002,
BL0#40,6.419999999999999,17.290000000000003,
BL0#41,4.42,17.35,
BL0#42,2.2399999999999993,20.86,
BL0#43,5.890000000000001,19.220000000000002,
BL0#44,3.9800000000000013,15.8,
BL0#45,6.510000000000001,13.64,
BL0#46,35.63,29.999999999999993,
BL0#47,3.4800000000000004,12.830000000000004,
GR4#0,15.209999999999999,22.4,
GR4#1,10.55,21.410000000000004,
GR4#2,10.32,24.4,
GR4#3,11.35,20.25,
GR4#4,10.150000000000002,22.119999999999997,
GR4#5,10.4,23.659999999999997,
GR4#6,9.17,22.02,
GR4#7,9.17,23.93,
GR4#8,8.99,23.9,
GR4#9,9.0,25.150000000000002,
GR4#10,3.8699999999999997,28.04,
GR4#11,4.369999999999999,20.23,
GR4#12,7.7,17.32,
GR4#13,3.2299999999999995,35.730000000000004,
GR4#14,2.46,21.5,
GR4#15,2.48,18.71,
GR4#16,3.09,19.68,
GR4#17,4.16,21.57,
GR4#18,4.61,21.009999999999998,
GR4#19,5.47,19.75,
GR4#20,4.6,19.75,
GR4#21,4.779999999999999,19.75,
GR4#22,4.67,16.84,
GR4#23,4.67,15.16,
GR4#24,6.18,20.389999999999997,
GR4#25,5.359999999999999,19.49,
GR4#26,4.91,18.53,
GR4#27,28.22,30.889999999999997,
GR4#28,10.05,21.55,
GR4#29,4.3,19.61,
GR4#30,4.739999999999999,24.69,
GR4#31,5.37,18.48,
GR4#32,5.67,12.65,
GR4#33,4.93,15.849999999999998,
GR4#34,4.47,13.73,
GR4#35,4.46,13.5,
GR4#36,8.09,15.870000000000001,
GR4#37,4.54,12.530000000000001,
GR4#38,4.529999999999999,13.23,
GR4#39,3.3400000000000007,8.810000000000002,
GR4#40,7.6,17.35,
GR4#41,4.17,17.56,
GR4#42,4.970000000000001,19.450000000000003,
GR4#43,9.110000000000001,18.06,
GR4#44,6.83,18.140000000000004,
GR4#45,6.069999999999999,12.669999999999998,
GR4#46,4.6899999999999995,18.04,
GR4#47,3.8900000000000006,11.63,
MY7#0,11.720000000000002,25.560000000000002,
MY7#1,13.59,25.580000000000002,
MY7#2,13.25,22.43,
MY7#3,12.809999999999997,24.599999999999998,
MY7#4,12.809999999999997,22.959999999999997,
MY7#5,16.009999999999998,26.75,
MY7#6,16.240000000000002,27.46,
MY7#7,16.240000000000002,28.52,
MY7#8,16.080000000000002,28.52,
MY7#9,17.06,36.339999999999996,
MY7#10,11.55,27.68,
MY7#11,10.94,25.3,
MY7#12,16.32,24.119999999999997,
MY7#13,10.889999999999997,25.310000000000002,
MY7#14,11.61,25.43,
MY7#15,11.61,25.43,
MY7#16,11.789999999999997,26.080000000000002,
MY7#17,11.329999999999998,25.98,
MY7#18,11.209999999999999,26.390000000000004,
MY7#19,11.249999999999998,27.140000000000004,
MY7#20,11.029999999999998,26.020000000000003,
MY7#21,11.029999999999998,25.53,
MY7#22,9.279999999999998,23.16,
MY7#23,9.329999999999998,25.25,
MY7#24,8.09,21.170000000000005,
MY7#25,8.09,21.850000000000005,
MY7#26,8.059999999999999,21.440000000000005,
MY7#27,29.21,31.860000000000003,
MY7#28,13.530000000000001,24.21,
MY7#29,11.179999999999998,28.790000000000003,
MY7#30,11.149999999999999,28.290000000000003,
MY7#31,14.750000000000004,22.220000000000002,
MY7#32,14.16,21.38,
MY7#33,14.05,20.259999999999998,
MY7#34,13.820000000000002,20.259999999999998,
MY7#35,13.16,20.259999999999998,
MY7#36,14.920000000000002,29.930000000000007,
MY7#37,10.84,19.9,
MY7#38,11.59,23.649999999999995,
MY7#39,11.469999999999999,22.749999999999996,
MY7#40,13.169999999999998,28.860000000000003,
MY7#41,11.65,23.96,
MY7#42,12.909999999999997,23.34,
MY7#43,12.129999999999999,20.48,
MY7#44,12.129999999999999,22.68,
MY7#45,12.370000000000001,26.509999999999998,
MY7#46,34.5,29.54,
MY7#47,10.02,21.71,
HV1#0,15.110000000000003,21.96,
HV1#1,10.77,25.09,
HV1#2,11.02,29.8,
HV1#3,10.099999999999998,25.3,
HV1#4,9.29,28.470000000000006,
HV1#5,10.55,27.499999999999993,
HV1#6,10.18,28.979999999999997,
HV1#7,10.34,30.78,
HV1#8,10.110000000000001,29.919999999999998,
HV1#9,10.18,29.399999999999995,
HV1#10,4.66,28.410000000000004,
HV1#11,5.66,24.76,
HV1#12,9.4,27.49,
HV1#13,17.97,27.369999999999997,
HV1#14,4.38,29.870000000000005,
HV1#15,2.9200000000000004,23.400000000000002,
HV1#16,3.53,25.580000000000005,
HV1#17,4.38,25.45,
HV1#18,5.199999999999999,24.1,
HV1#19,5.3,22.04,
HV1#20,5.209999999999999,20.82,
HV1#21,4.96,20.82,
HV1#22,4.21,20.31,
HV1#23,3.75,16.75,
HV1#24,5.34,24.169999999999998,
HV1#25,4.52,24.23,
HV1#26,4.069999999999999,22.660000000000004,
HV1#27,26.880000000000003,32.989999999999995,
HV1#28,10.469999999999999,27.089999999999996,
HV1#29,3.6199999999999997,30.47,
HV1#30,2.74,32.87,
HV1#31,4.339999999999999,31.03,
HV1#32,4.84,30.51,
HV1#33,4.49,21.01,
HV1#34,4.3,19.41,
HV1#35,4.57,19.16,
HV1#36,9.92,24.140000000000004,
HV1#37,5.130000000000001,18.990000000000002,
HV1#38,4.42,19.45,
HV1#39,4.55,19.770000000000003,
HV1#40,7.5600000000000005,21.930000000000003,
HV1#41,3.29,14.540000000000001,
HV1#42,3.25,13.860000000000003,
HV1#43,4.15,13.570000000000002,
HV1#44,3.5900000000000007,12.440000000000001,
HV1#45,7.279999999999999,16.84,
HV1#46,4.21,12.460000000000003,
HV1#47,4.7299999999999995,13.010000000000002,
GN3#0,15.209999999999999,20.470000000000002,
GN3#1,10.419999999999998,23.410000000000004,
GN3#2,11.59,26.080000000000002,
GN3#3,11.099999999999998,21.51,
GN3#4,10.120000000000001,30.35,
GN3#5,10.93,27.96,
GN3#6,9.379999999999999,28.73,
GN3#7,9.14,28.340000000000003,
GN3#8,8.97,28.360000000000003,
GN3#9,9.03,30.029999999999994,
GN3#10,3.4300000000000006,25.56,
GN3#11,5.250000000000001,21.660000000000004,
GN3#12,7.26,17.64,
GN3#13,20.669999999999998,26.319999999999993,
GN3#14,3.22,22.41,
GN3#15,3.2,19.39,
GN3#16,3.44,19.39,
GN3#17,4.92,21.529999999999998,
GN3#18,4.91,21.77,
GN3#19,5.7299999999999995,19.71,
GN3#20,5.7299999999999995,19.71,
GN3#21,4.859999999999999,19.71,
GN3#22,4.65,16.95,
GN3#23,4.65,16.5,
GN3#24,5.75,21.12,
GN3#25,4.98,20.61,
GN3#26,4.619999999999999,19.29,
GN3#27,29.870000000000005,28.919999999999998,
GN3#28,9.77,23.6,
GN3#29,4.39,26.779999999999994,
GN3#30,4.619999999999999,24.65,
GN3#31,5.079999999999999,24.65,
GN3#32,5.67,16.849999999999998,
GN3#33,4.610000000000001,15.51,
GN3#34,4.9,14.209999999999999,
GN3#35,4.71,14.279999999999998,
GN3#36,8.440000000000001,14.38,
GN3#37,4.9,12.6,
GN3#38,4.9,13.36,
GN3#39,4.06,12.810000000000002,
GN3#40,7.05,17.01,
GN3#41,5.180000000000001,14.859999999999996,
GN3#42,4.0200000000000005,12.57,
GN3#43,4.06,12.57,
GN3#44,3.81,12.57,
GN3#45,7.529999999999999,14.51,
GN3#46,4.11,19.45,
GN3#47,4.52,11.45,
GR9#0,13.559999999999999,22.479999999999997,
GR9#1,10.039999999999997,23.940000000000005,
GR9#2,12.34,28.82,
GR9#3,11.97,24.629999999999995,
GR9#4,10.0,27.369999999999997,
GR9#5,10.260000000000002,23.29,
GR9#6,8.830000000000002,23.669999999999998,
GR9#7,9.070000000000002,24.810000000000002,
GR9#8,8.34,25.130000000000003,
GR9#9,9.19,27.149999999999995,
GR9#10,5.76,28.170000000000005,
GR9#11,4.819999999999999,21.95,
GR9#12,8.899999999999999,18.169999999999998,
GR9#13,4.45,30.96,
GR9#14,3.7399999999999998,22.04,
GR9#15,3.6399999999999997,19.23,
GR9#16,3.9,19.81,
GR9#17,4.9799999999999995,21.7,
GR9#18,4.9799999999999995,21.7,
GR9#19,4.619999999999999,19.740000000000002,
GR9#20,4.45,19.740000000000002,
GR9#21,4.489999999999999,21.46,
GR9#22,3.8300000000000005,18.84,
GR9#23,3.8300000000000005,18.169999999999998,
GR9#24,5.12,21.35,
GR9#25,4.57,20.839999999999996,
GR9#26,3.5900000000000007,19.52,
GR9#27,30.000000000000007,27.839999999999996,
GR9#28,10.219999999999999,24.27,
GR9#29,3.41,28.529999999999994,
GR9#30,3.81,26.810000000000002,
GR9#31,3.6199999999999997,24.33,
GR9#32,5.43,13.790000000000001,
GR9#33,6.119999999999999,16.160000000000004,
GR9#34,5.3100000000000005,14.8,
GR9#35,4.959999999999999,14.959999999999999,
GR9#36,7.7299999999999995,16.010000000000005,
GR9#37,4.2,15.52,
GR9#38,3.97,15.48,
GR9#39,4.220000000000001,12.390000000000002,
GR9#40,7.17,19.190000000000005,
GR9#41,5.41,17.160000000000004,
GR9#42,4.72,15.6,
GR9#43,3.56,16.36,
GR9#44,3.91,16.34,
GR9#45,7.35,16.050000000000004,
GR9#46,36.09,30.459999999999997,
GR9#47,3.0599999999999996,12.990000000000004,
LW2#0,15.780000000000001,22.41,
LW2#1,14.13,22.21,
LW2#2,15.66,24.700000000000006,
LW2#3,14.74,22.589999999999996,
LW2#4,11.030000000000001,26.75,
LW2#5,12.110000000000001,22.029999999999998,
LW2#6,11.64,24.479999999999997,
LW2#7,12.530000000000001,27.55,
LW2#8,12.35,28.050000000000004,
LW2#9,13.040000000000001,26.689999999999998,
LW2#10,5.43,29.389999999999997,
LW2#11,5.56,22.540000000000003,
LW2#12,11.010000000000002,16.939999999999998,
LW2#13,7.37,24.12,
LW2#14,6.6,22.39,
LW2#15,6.6,20.54,
LW2#16,7.869999999999999,22.97,
LW2#17,8.679999999999998,23.169999999999998,
LW2#18,8.819999999999999,23.169999999999998,
LW2#19,8.819999999999999,21.35,
LW2#20,8.649999999999999,21.35,
LW2#21,8.719999999999999,21.35,
LW2#22,8.36,19.23,
LW2#23,8.41,19.23,
LW2#24,8.33,23.55,
LW2#25,7.81,24.020000000000003,
LW2#26,7.99,22.51,
LW2#27,29.520000000000003,30.359999999999996,
LW2#28,13.45,23.66,
LW2#29,8.469999999999999,27.6,
LW2#30,7.57,25.47,
LW2#31,7.359999999999999,23.470000000000002,
LW2#32,8.209999999999999,17.76,
LW2#33,7.38,18.360000000000003,
LW2#34,5.460000000000001,19.330000000000002,
LW2#35,5.460000000000001,19.330000000000002,
LW2#36,10.24,15.920000000000002,
LW2#37,6.57,14.560000000000002,
LW2#38,7.160000000000001,15.419999999999998,
LW2#39,7.83,15.830000000000002,
LW2#40,10.8,19.9,
LW2#41,8.97,15.36,
LW2#42,8.139999999999999,14.919999999999998,
LW2#43,4.340000000000001,14.7,
LW2#44,5.380000000000001,16.279999999999998,
LW2#45,10.610000000000001,18.830000000000002,
LW2#46,34.010000000000005,31.919999999999995,
LW2#47,4.779999999999999,13.450000000000003,
GN0#0,15.209999999999999,21.770000000000003,
GN0#1,10.959999999999999,24.46,
GN0#2,12.15,28.290000000000003,
GN0#3,11.36,20.42,
GN0#4,10.290000000000001,27.119999999999997,
GN0#5,11.35,23.419999999999998,
GN0#6,8.93,23.120000000000005,
GN0#7,9.66,27.9,
GN0#8,10.219999999999999,27.9,
GN0#9,9.499999999999998,22.440000000000005,
GN0#10,5.890000000000001,25.57,
GN0#11,5.55,18.81,
GN0#12,7.879999999999998,18.65,
GN0#13,6.13,35.89,
GN0#14,5.2299999999999995,20.75,
GN0#15,5.24,18.93,
GN0#16,5.99,20.9,
GN0#17,6.6899999999999995,21.1,
GN0#18,6.6899999999999995,21.130000000000003,
GN0#19,7.25,20.33,
GN0#20,7.25,19.07,
GN0#21,7.65,18.85,
GN0#22,7.17,18.779999999999998,
GN0#23,7.220000000000001,15.639999999999997,
GN0#24,7.290000000000001,20.57,
GN0#25,6.8,20.63,
GN0#26,6.57,33.25,
GN0#27,27.95,28.679999999999996,
GN0#28,9.33,30.639999999999997,
GN0#29,8.95,26.659999999999997,
GN0#30,6.5699999999999985,25.18,
GN0#31,7.239999999999999,13.560000000000002,
GN0#32,5.039999999999999,12.569999999999999,
GN0#33,5.17,13.540000000000001,
GN0#34,5.42,13.330000000000002,
GN0#35,5.42,11.940000000000001,
GN0#36,8.57,13.690000000000001,
GN0#37,5.51,13.170000000000002,
GN0#38,4.839999999999999,12.47,
GN0#39,5.55,14.14,
GN0#40,7.67,17.900000000000002,
GN0#41,6.09,13.27,
GN0#42,4.83,13.319999999999999,
GN0#43,4.369999999999999,13.319999999999999,
GN0#44,4.239999999999999,10.989999999999998,
GN0#45,7.51,14.899999999999997,
GN0#46,6.220000000000001,19.250000000000004,
GN0#47,4.52,10.94,
KF1#0,13.85,20.810000000000006,
KF1#1,10.29,19.920000000000005,
KF1#2,10.16,21.05,
KF1#3,10.169999999999998,21.059999999999995,
KF1#4,10.21,24.769999999999996,
KF1#5,10.28,22.159999999999997,
KF1#6,9.43,22.869999999999997,
KF1#7,9.919999999999998,22.65,
KF1#8,8.99,22.869999999999997,
KF1#9,9.219999999999999,28.209999999999997,
KF1#10,5.660000000000001,27.580000000000005,
KF1#11,5.640000000000001,18.769999999999996,
KF1#12,8.629999999999999,17.049999999999997,
KF1#13,5.39,23.630000000000003,
KF1#14,3.7199999999999998,19.59,
KF1#15,3.69,19.59,
KF1#16,3.9800000000000004,21.720000000000002,
KF1#17,5.139999999999999,21.48,
KF1#18,5.15,19.66,
KF1#19,5.039999999999999,19.66,
KF1#20,5.46,20.23,
KF1#21,4.58,17.07,
KF1#22,4.460000000000001,16.240000000000002,
KF1#23,4.49,16.33,
KF1#24,5.819999999999999,19.560000000000002,
KF1#25,4.9,20.09,
KF1#26,4.54,20.71,
KF1#27,24.58,30.07,
KF1#28,8.94,22.38,
KF1#29,4.840000000000001,27.139999999999997,
KF1#30,4.0200000000000005,24.6,
KF1#31,4.43,21.220000000000002,
KF1#32,5.430000000000001,15.010000000000002,
KF1#33,5.75,14.459999999999997,
KF1#34,5.07,14.449999999999998,
KF1#35,4.88,13.75,
KF1#36,7.889999999999999,15.15,
KF1#37,5.05,11.860000000000001,
KF1#38,4.720000000000001,11.720000000000002,
KF1#39,4.7,11.91,
KF1#40,7.69,18.11,
KF1#41,4.76,17.349999999999998,
KF1#42,3.4799999999999995,21.63,
KF1#43,5.04,19.11,
KF1#44,6.62,15.540000000000001,
KF1#45,9.350000000000001,17.380000000000003,
KF1#46,36.09,32.00999999999999,
KF1#47,4.38,11.850000000000001,
CD9#0,11.120000000000001,28.4,
CD9#1,12.610000000000001,28.439999999999998,
CD9#2,12.830000000000002,26.9,
CD9#3,18.14,27.57,
CD9#4,18.750000000000004,27.839999999999996,
CD9#5,18.930000000000003,31.359999999999996,
CD9#6,18.240000000000002,31.400000000000006,
CD9#7,19.130000000000003,31.119999999999997,
CD9#8,17.25,31.48,
CD9#9,18.740000000000002,36.970000000000006,
CD9#10,7.530000000000001,30.660000000000004,
CD9#11,7.510000000000001,26.690000000000005,
CD9#12,12.829999999999998,25.119999999999997,
CD9#13,7.42,28.76,
CD9#14,7.18,24.16,
CD9#15,7.88,24.52,
CD9#16,8.34,26.21,
CD9#17,8.35,26.21,
CD9#18,9.05,25.41,
CD9#19,8.18,25.56,
CD9#20,8.18,25.56,
CD9#21,7.9,26.130000000000003,
CD9#22,7.5699999999999985,21.119999999999997,
CD9#23,7.5699999999999985,20.57,
CD9#24,8.959999999999999,22.55,
CD9#25,8.58,22.54,
CD9#26,7.289999999999999,27.660000000000004,
CD9#27,30.4,31.189999999999998,
CD9#28,11.96,27.43,
CD9#29,8.5,30.589999999999996,
CD9#30,7.040000000000001,29.8,
CD9#31,7.62,18.130000000000003,
CD9#32,5.62,16.729999999999997,
CD9#33,6.140000000000001,19.919999999999998,
CD9#34,6.57,19.27,
CD9#35,6.57,19.27,
CD9#36,9.149999999999999,27.939999999999998,
CD9#37,8.23,16.419999999999998,
CD9#38,7.12,18.03,
CD9#39,7.88,18.27,
CD9#40,12.779999999999998,26.129999999999995,
CD9#41,7.789999999999999,21.43,
CD9#42,5.909999999999999,17.97,
CD9#43,6.24,18.29,
CD9#44,6.610000000000001,17.330000000000002,
CD9#45,9.53,19.869999999999997,
CD9#46,6.9399999999999995,20.2,
CD9#47,6.859999999999999,16.060000000000002,
ST5#0,12.88,22.68,
ST5#1,10.47,23.96,
ST5#2,10.24,23.400000000000002,
ST5#3,10.45,29.859999999999996,
ST5#4,11.370000000000001,29.369999999999997,
ST5#5,11.750000000000002,34.22,
ST5#6,11.74,35.72,
ST5#7,12.18,34.65,
ST5#8,10.89,34.15,
ST5#9,10.830000000000002,35.660000000000004,
ST5#10,5.660000000000001,35.55,
ST5#11,5.640000000000001,35.879999999999995,
ST5#12,10.19,32.160000000000004,
ST5#13,5.15,29.99,
ST5#14,4.26,29.829999999999995,
ST5#15,4.1899999999999995,29.429999999999996,
ST5#16,4.3100000000000005,29.729999999999997,
ST5#17,5.549999999999999,29.559999999999995,
ST5#18,5.49,26.46,
ST5#19,6.25,27.160000000000004,
ST5#20,5.970000000000001,27.160000000000004,
ST5#21,5.279999999999999,20.72,
ST5#22,4.970000000000001,24.41,
ST5#23,4.970000000000001,24.41,
ST5#24,6.24,20.630000000000003,
ST5#25,5.3500000000000005,20.73,
ST5#26,5.19,22.53,
ST5#27,35.010000000000005,27.369999999999997,
ST5#28,9.48,29.2,
ST5#29,4.98,25.45,
ST5#30,5.420000000000001,31.160000000000004,
ST5#31,4.59,23.64,
ST5#32,5.42,19.69,
ST5#33,4.870000000000001,19.07,
ST5#34,4.790000000000001,17.869999999999997,
ST5#35,4.88,19.77,
ST5#36,12.13,24.77,
ST5#37,5.35,17.77,
ST5#38,5.7299999999999995,18.68,
ST5#39,4.3,18.34,
ST5#40,8.870000000000001,25.0,
ST5#41,7.99,18.18,
ST5#42,7.159999999999999,22.18,
ST5#43,4.15,16.6,
ST5#44,4.74,17.54,
ST5#45,10.569999999999999,19.84,
ST5#46,27.630000000000003,33.019999999999996,
ST5#47,4.2299999999999995,16.34,
TH4#0,13.430000000000001,28.779999999999994,
TH4#1,11.99,30.370000000000005,
TH4#2,13.370000000000001,33.660000000000004,
TH4#3,12.830000000000002,28.589999999999996,
TH4#4,12.46,32.64,
TH4#5,12.68,32.66,
TH4#6,12.7,32.64,
TH4#7,12.7,36.46,
TH4#8,13.459999999999999,36.46,
TH4#9,12.439999999999998,34.8,
TH4#10,5.6800000000000015,30.48,
TH4#11,5.660000000000001,26.52,
TH4#12,10.169999999999998,27.57,
TH4#13,6.760000000000001,29.620000000000005,
TH4#14,6.400000000000001,26.910000000000004,
TH4#15,7.100000000000001,26.609999999999996,
TH4#16,7.660000000000001,28.35,
TH4#17,7.4,27.889999999999997,
TH4#18,8.1,26.4,
TH4#19,8.1,27.669999999999998,
TH4#20,7.81,25.56,
TH4#21,7.88,26.810000000000002,
TH4#22,7.529999999999999,27.98,
TH4#23,7.529999999999999,29.76,
TH4#24,7.739999999999999,31.1,
TH4#25,7.589999999999999,23.380000000000003,
TH4#26,7.62,24.810000000000002,
TH4#27,31.8,33.61,
TH4#28,11.23,29.15,
TH4#29,7.659999999999999,35.7,
TH4#30,7.659999999999999,37.67,
TH4#31,7.49,36.230000000000004,
TH4#32,6.12,24.950000000000003,
TH4#33,6.88,24.46,
TH4#34,5.07,26.35,
TH4#35,4.85,27.059999999999995,
TH4#36,10.15,24.179999999999996,
TH4#37,5.120000000000001,27.929999999999996,
TH4#38,5.130000000000001,27.4,
TH4#39,7.340000000000001,23.9,
TH4#40,8.669999999999998,22.020000000000003,
TH4#41,8.530000000000001,25.090000000000003,
TH4#42,7.989999999999999,23.32,
TH4#43,7.3100000000000005,23.67,
TH4#44,5.58,21.67,
TH4#45,9.44,21.78,
TH4#46,4.470000000000001,26.359999999999996,
TH4#47,4.92,23.82,
